16241.996196 2136.202307 1035.000000
16256.181540 2135.734496 1035.000000
16256.648936 2135.719054 1035.000000
16275.489581 2135.095161 1035.000000
16276.595745 2135.058443 1035.000000
16294.794723 2134.452926 1035.000000
16296.542553 2134.394631 1035.000000
16314.404294 2134.115389 1034.999883
16316.489362 2134.082702 1035.000000
16334.107616 2133.871687 1035.000000
16336.436170 2133.843719 1035.000000
16353.817314 2133.634365 1035.000000
16356.382979 2133.603374 1035.000000
16373.525689 2133.395721 1035.000000
16376.329787 2133.361658 1035.000000
16393.232733 2133.155744 1035.000000
16396.276596 2133.118557 1035.000000
16413.272516 2133.248801 1034.999801
16416.223404 2133.271486 1035.000000
16433.453737 2133.483420 1035.000000
16436.170213 2133.516942 1035.000000
16453.650268 2133.733365 1035.000000
16456.117021 2133.764006 1035.000000
16473.848482 2133.984993 1035.000000
16476.063830 2134.012694 1035.000000
16494.048394 2134.238322 1035.000000
16496.010638 2134.263021 1035.000000
16514.656740 2134.900446 1034.999898
16515.957447 2134.945071 1035.000000
16535.423153 2135.720778 1035.000000
16535.904255 2135.740020 1035.000000
16547.436996 2136.202307 1035.000000
16555.851064 2136.540825 1035.000000
16556.203470 2136.555026 1035.000000
16575.797872 2137.347551 1035.000000
16576.990480 2137.395973 1035.000000
16595.744681 2138.160263 1035.000000
16597.836410 2138.295892 1034.999285
16615.691489 2139.458227 1035.000000
16619.196285 2139.710213 1035.000000
16635.638298 2140.897147 1035.000000
16640.695309 2141.263805 1035.000000
16655.585106 2142.347788 1035.000000
16662.209057 2142.832135 1035.000000
16675.531915 2143.810295 1035.000000
16683.737756 2144.415430 1035.000000
16695.478723 2145.284815 1035.000000
16705.588746 2146.321300 1034.998866
16715.425532 2147.334160 1035.000000
16727.945611 2148.733495 1035.000000
16735.372340 2149.567244 1035.000000
16750.421911 2151.265231 1035.000000
16755.319149 2151.820231 1035.000000
16772.927007 2153.825788 1035.000000
16775.265957 2154.093390 1035.000000
16793.305685 2156.166815 1035.000000
16795.212766 2156.386994 1035.000000
16795.470412 2156.424690 1034.999891
16815.159574 2159.318977 1035.000000
16818.897540 2159.908097 1035.000000
16835.106383 2162.474939 1035.000000
16842.601581 2163.668663 1035.000000
16855.053191 2165.661332 1035.000000
16866.357091 2167.480744 1035.000000
16875.000000 2168.878597 1035.000000
16890.165310 2171.345580 1035.000000
16894.946809 2172.127187 1035.000000
16914.750002 2175.987580 1034.999980
16914.893617 2176.015717 1035.000000
16915.453976 2176.131322 1035.000000
16934.840426 2180.151350 1035.000000
16939.914816 2181.210215 1035.000000
16954.787234 2184.329615 1035.000000
16965.167829 2186.521128 1035.000000
16974.734043 2188.551175 1035.000000
16990.509799 2191.921076 1035.000000
16994.680851 2192.816706 1035.000000
17008.032717 2196.095830 1034.999069
17014.627660 2197.733037 1034.999885
17016.836857 2198.306988 1034.999845
17034.574468 2202.940421 1034.999775
17043.852414 2205.382008 1034.999817
17054.521277 2208.205063 1034.999865
17071.012344 2212.601530 1034.999941
17074.468085 2213.527913 1034.999956
17083.881280 2216.060337 1035.000000
17094.414894 2218.913840 1035.000000
17098.495985 2220.145050 1034.998476
17114.361702 2224.958843 1035.000000
17127.384497 2229.094687 1035.000000
17134.308511 2231.306367 1035.000000
17148.988112 2236.024845 1035.000000
17154.255319 2237.727736 1035.000000
17156.771217 2238.542975 1035.000000
17174.202128 2244.224246 1035.000000
17186.401555 2248.235097 1035.000000
17194.148936 2250.797223 1035.000000
17208.558145 2255.989352 1034.999231
17214.095745 2257.996793 1035.000000
17217.302621 2259.199074 1035.000000
17234.042553 2265.513457 1035.000000
17249.405391 2271.365821 1035.000000
17253.989362 2273.122820 1035.000000
17261.348251 2275.953860 1035.000000
17273.936170 2280.826607 1035.000000
17281.907179 2283.931942 1035.000000
17293.882979 2288.626585 1035.000000
17311.219972 2295.918367 1034.999660
17313.829787 2297.030545 1034.999912
17315.805357 2297.895690 1034.999843
17333.776596 2305.817074 1034.999795
17351.615024 2313.772623 1034.999957
17353.723404 2314.719095 1034.999976
17356.311857 2315.882875 1035.000000
17373.670213 2323.752840 1035.000000
17388.172138 2330.397667 1035.000000
17393.617021 2332.909170 1035.000000
17399.656958 2335.847382 1034.998391
17413.563830 2342.658614 1035.000000
17427.315297 2349.611051 1035.000000
17433.510638 2352.764874 1035.000000
17439.471073 2355.811890 1035.000000
17453.457447 2363.011461 1035.000000
17468.427979 2370.795706 1035.000000
17473.404255 2373.401316 1035.000000
17477.925190 2375.776398 1035.000000
17493.351064 2383.937465 1035.000000
17511.748797 2394.190455 1034.999815
17513.297872 2395.059921 1035.000000
17514.486763 2395.740905 1035.000000
17533.244681 2406.641259 1034.999808
17548.649937 2415.705413 1035.000000
17553.191489 2418.402457 1035.000000
17559.857842 2422.377681 1035.000000
17573.138298 2430.355454 1035.000000
17581.913306 2435.669920 1035.000000
17593.085106 2442.486309 1035.000000
17611.823094 2454.424534 1034.999865
17613.031915 2455.200491 1035.000000
17613.696393 2455.634428 1035.000000
17632.978723 2468.322544 1035.000000
17643.910268 2475.598935 1035.000000
17652.925532 2481.645793 1035.000000
17671.649404 2494.339421 1035.000000
17672.872340 2495.174901 1035.000000
17673.440674 2495.563443 1035.000000
17692.819149 2509.026424 1034.999844
17701.841316 2515.527950 1034.998887
17712.765957 2523.481867 1035.000000
17728.859802 2535.492458 1035.000000
17732.712766 2538.390903 1035.000000
17744.599194 2547.389433 1035.000000
17752.659574 2553.540766 1035.000000
17755.159759 2555.456965 1035.000000
17772.606383 2568.937337 1035.000000
17780.910721 2575.421473 1035.000000
17792.553191 2584.586692 1035.000000
17805.863222 2595.385980 1034.999395
17812.500000 2600.867109 1034.999610
17829.662723 2615.350488 1035.000000
17832.446809 2617.726508 1035.000000
17849.382266 2632.300973 1035.000000
17852.393617 2634.914526 1035.000000
17852.854359 2635.314996 1035.000000
17872.340426 2652.397117 1035.000000
17875.596589 2655.279503 1035.000000
17892.287234 2670.181919 1035.000000
17897.818720 2675.244011 1034.999313
17912.234043 2688.551236 1035.000000
17919.312167 2695.208518 1035.000000
17932.180851 2707.551551 1034.999768
17940.054415 2715.173026 1035.000000
17952.127660 2727.004408 1035.000000
17960.352253 2735.137533 1035.000000
17972.074468 2746.833518 1035.000000
17980.287519 2755.102041 1035.000000
17992.021277 2767.022134 1035.000000
17999.786789 2775.066548 1034.999269
18011.968085 2787.800621 1035.000000
18018.777115 2795.031056 1035.000000
18031.914894 2809.282441 1034.999807
18037.137205 2814.995563 1035.000000
18051.861702 2831.319777 1035.000000
18055.117928 2834.960071 1035.000000
18071.808511 2853.794403 1035.000000
18072.801780 2854.924579 1035.000000
18079.839419 2862.962612 1035.000000
18090.196054 2874.889086 1035.000000
18091.755319 2876.694864 1035.000000
18107.204355 2894.853594 1034.999800
18111.702128 2900.262703 1034.999462
18123.654697 2914.818101 1035.000000
18131.648936 2924.692843 1035.000000
18139.754279 2934.782609 1035.000000
18151.595745 2949.665912 1035.000000
18155.607529 2954.747116 1035.000000
18170.095124 2973.262910 1035.000000
18171.220057 2974.711624 1035.000000
18171.542553 2975.127236 1035.000000
18186.597305 2994.676131 1035.000000
18191.489362 3001.177601 1034.999509
18201.513232 3014.640639 1034.999767
18211.436170 3028.166316 1035.000000
18216.115063 3034.605146 1035.000000
18228.222988 3051.406860 1035.000000
18230.485979 3054.569654 1035.000000
18231.382979 3055.825294 1035.000000
18244.653628 3074.534161 1035.000000
18251.329787 3084.040864 1035.000000
18258.622292 3094.498669 1035.000000
18271.276596 3113.059996 1034.999953
18272.226638 3114.463177 1035.000000
18274.185752 3117.374915 1035.000000
18285.581364 3134.427684 1035.000000
18291.223404 3142.944621 1035.000000
18298.756037 3154.392192 1035.000005
18311.170213 3173.452531 1035.000000
18311.755231 3174.356699 1035.000000
18312.827713 3176.015670 1035.000000
18324.583884 3194.321207 1035.000000
18331.117021 3204.732734 1034.999647
18337.072803 3214.285714 1035.000000
18346.610175 3229.792615 1035.000000
18349.334333 3234.250222 1035.000000
18351.063830 3237.086830 1035.000000
18361.440762 3254.214729 1035.000000
18371.010638 3270.177012 1035.000000
18373.395014 3274.179237 1035.000000
18376.889837 3280.063653 1035.000000
18385.199940 3294.143744 1035.000000
18390.957447 3304.121603 1034.999599
18396.702049 3314.108252 1035.000191
18404.257787 3327.420393 1035.000185
18408.010930 3334.072760 1035.000081
18410.904255 3339.219311 1035.000000
18419.206284 3354.037267 1035.000000
18429.569709 3372.719283 1035.000000
18430.276951 3374.001775 1035.000000
18430.851064 3375.043568 1035.000000
18441.217938 3393.966282 1035.000000
18450.797872 3411.934732 1034.999914
18451.855992 3413.930790 1035.000000
18453.030785 3416.165684 1035.000000
18462.297961 3433.895297 1035.000000
18470.744681 3450.211461 1035.000000
18472.622800 3453.859805 1035.000000
18474.610370 3457.728924 1035.000000
18482.832470 3473.824312 1035.000000
18490.691489 3489.345441 1035.000000
18492.941773 3493.788820 1035.000150
18495.162427 3498.263724 1034.999835
18502.807743 3513.753327 1035.000460
18510.638298 3529.884666 1035.000000
18512.498616 3533.717835 1035.000000
18514.249139 3537.331880 1035.000000
18522.127189 3553.682343 1035.000000
18530.585106 3571.394174 1035.000000
18531.655208 3573.646850 1035.000000
18532.623099 3575.686651 1035.000000
18541.084239 3593.611358 1035.000000
18549.992224 3613.035695 1034.999973
18550.238693 3613.575865 1035.000000
18550.531915 3614.224631 1035.000000
18559.218580 3633.540373 1035.000000
18566.217595 3649.239970 1035.000000
18568.109510 3653.504880 1035.000000
18570.478723 3658.858511 1035.000000
18576.912800 3673.469388 1035.000000
18581.925718 3684.926540 1035.000000
18585.629738 3693.433895 1035.000000
18590.425532 3704.728493 1034.999553
18594.120528 3713.398403 1035.000379
18596.804832 3719.783364 1035.000656
18602.487142 3733.362910 1035.000752
18610.372340 3752.350992 1035.000000
18610.779149 3753.327418 1035.000000
18611.069931 3754.025628 1035.000000
18619.056720 3773.291925 1035.000000
18625.133224 3788.065907 1035.000000
18627.258273 3793.256433 1035.000000
18630.319149 3800.906591 1034.999380
18635.224190 3813.220941 1035.000000
18638.396795 3821.305754 1035.000000
18643.038085 3833.185448 1035.000000
18650.265957 3851.810201 1035.000000
18650.783613 3853.149956 1035.000000
18651.109786 3853.994533 1035.000000
18658.461667 3873.114463 1035.000000
18663.530691 3886.390967 1035.000000
18666.073125 3893.078971 1035.000000
18670.212766 3904.228890 1034.999568
18673.471558 3913.043478 1035.000000
18675.344991 3918.180257 1035.000000
18680.730368 3933.007986 1035.000000
18686.676395 3949.486223 1035.000000
18687.929186 3952.972493 1035.000000
18690.159574 3959.191698 1035.000000
18695.122151 3972.937001 1035.000676
18697.910718 3980.695022 1035.001057
18702.280306 3992.901508 1035.001042
18708.770371 4011.528818 1035.000111
18709.234420 4012.866016 1035.000117
18710.106383 4015.410109 1035.000000
18716.117503 4032.830524 1035.000000
18719.263768 4041.996034 1035.000000
18722.956355 4052.795031 1035.000000
18729.582845 4072.288775 1035.000000
18729.742252 4072.759539 1035.000000
18730.053191 4073.678060 1035.000000
18736.475807 4092.724046 1035.000000
18739.616010 4102.295350 1034.999450
18743.013098 4112.688554 1035.000000
18749.146125 4131.798429 1035.000000
18749.419399 4132.653061 1035.000000
18750.000000 4134.469720 1035.000000
18755.778787 4152.617569 1035.000000
18758.462837 4161.087915 1035.000000
18762.091775 4172.582076 1035.000000
18767.634792 4190.232516 1035.000000
18768.358870 4192.546584 1035.000000
18769.946809 4197.747412 1034.999519
18774.438633 4212.511091 1035.000000
18776.355939 4218.925909 1035.000000
18780.391782 4232.475599 1035.000000
18784.797301 4247.339269 1035.000000
18786.303962 4252.440106 1035.000000
18789.893617 4264.629216 1035.000000
18792.205545 4272.404614 1035.000392
18793.182449 4275.696364 1035.000558
18798.113561 4292.369122 1035.001399
18801.430150 4303.915891 1035.000992
18803.839981 4312.333629 1035.001052
18809.286803 4331.744023 1035.000097
18809.441791 4332.298137 1035.000070
18809.840426 4333.723791 1035.000000
18815.077942 4352.262644 1035.000000
18817.130797 4359.559485 1035.000000
18820.683167 4372.227152 1035.000000
18824.887740 4387.287818 1035.000000
18826.252376 4392.191659 1035.000000
18829.787234 4405.264361 1034.999592
18831.644991 4412.156167 1035.000000
18832.314347 4414.685522 1035.000000
18836.914299 4432.120674 1035.000000
18839.457342 4441.799363 1035.000000
18842.151733 4452.085182 1035.000000
18846.521194 4468.833990 1035.000000
18847.357582 4472.049689 1035.000000
18849.734043 4481.203653 1035.000000
18852.532131 4492.014197 1035.000000
18853.472006 4495.755478 1034.999652
18857.535752 4511.978705 1035.000000
18860.068592 4522.322424 1035.000000
18862.417754 4531.943212 1035.000000
18866.499937 4548.723983 1035.000000
18867.272248 4551.907720 1035.000000
18869.680851 4561.855224 1035.000000
18872.099467 4571.872227 1035.000000
18872.868343 4575.062547 1035.000000
18876.899640 4591.836735 1035.000000
18879.091063 4601.255297 1034.999337
18881.538178 4611.801242 1035.000000
18885.015928 4627.149926 1035.000000
18886.059052 4631.765750 1035.000000
18889.627660 4647.599300 1035.000000
18890.570345 4651.730257 1035.000190
18890.849137 4652.952819 1035.000246
18895.111834 4671.694765 1035.001107
18896.721142 4678.794542 1035.001433
18899.629570 4691.659272 1035.002023
18902.431079 4704.474052 1035.001107
18903.990191 4711.623780 1035.001226
18907.872340 4729.884649 1035.000374
18908.233640 4731.588287 1035.000295
18909.574468 4737.916905 1035.000000
18912.504336 4751.552795 1035.000000
18913.304870 4755.286507 1035.000000
18916.776364 4771.517303 1035.000000
18918.730297 4780.681256 1035.000000
18921.027574 4791.481810 1035.000000
18923.992307 4805.912442 1034.999638
18925.126568 4811.446318 1035.000000
18929.006478 4830.895570 1035.000000
18929.109033 4831.410825 1035.000000
18929.521277 4833.482620 1035.000000
18933.073504 4851.375333 1035.000000
18933.951613 4855.809601 1035.000000
18937.020103 4871.339840 1035.000000
18938.862140 4880.688992 1035.000000
18940.948950 4891.304348 1035.000000
18943.625690 4905.421276 1034.999609
18944.732075 4911.268855 1035.000000
18948.160564 4929.924682 1035.000000
18948.400568 4931.233363 1035.000000
18949.468085 4937.058577 1035.000000
18952.053850 4951.197870 1035.000000
18952.631918 4954.364511 1035.000000
18955.692014 4971.162378 1035.000000
18957.075613 4978.776656 1035.000000
18959.315154 4991.126886 1035.000000
18961.397973 5003.067359 1034.999436
18962.794883 5011.091393 1035.000000
18965.499320 5027.136853 1035.000000
18966.158623 5031.055901 1035.000000
18969.414894 5050.454562 1035.000000
18969.509698 5051.020408 1035.000000
18969.528798 5051.134413 1035.000000
18972.848179 5070.984916 1035.000000
18973.536435 5075.110114 1035.000000
18976.174137 5090.949423 1035.000000
18977.467833 5099.009508 1034.999374
18979.375158 5110.913931 1035.000000
18981.207169 5122.716670 1035.000000
18982.471864 5130.878438 1035.000000
18984.862861 5146.340113 1035.000000
18985.557990 5150.842946 1035.000000
18988.501112 5169.946099 1035.000000
18988.633590 5170.807453 1035.000000
18989.361702 5175.543810 1035.000000
18991.737307 5190.771961 1035.000535
18992.157956 5193.570696 1035.000421
18994.733740 5210.736469 1035.001210
18995.646430 5217.026772 1035.001415
18997.627380 5230.700976 1035.001862
18999.026123 5240.373973 1035.002177
19000.511982 5250.665484 1035.002265
19002.391409 5263.706752 1035.001781
19003.387588 5270.629991 1035.001525
19005.742392 5287.025216 1035.000918
19006.254241 5290.594499 1035.000787
19008.960772 5310.210959 1035.000068
19009.008722 5310.559006 1035.000077
19009.308511 5312.810739 1035.000000
19011.708296 5330.523514 1035.000000
19012.084128 5333.301594 1035.000000
19014.405873 5350.488021 1035.000000
19015.201338 5356.386078 1035.000000
19017.095766 5370.452529 1035.000000
19018.306694 5379.458696 1035.000000
19019.778007 5390.417036 1035.000000
19021.330477 5402.449669 1034.999500
19022.352484 5410.381544 1035.000000
19024.201285 5425.287533 1035.000000
19024.827899 5430.346051 1035.000000
19027.020724 5448.073981 1035.000000
19027.297022 5450.310559 1035.000000
19029.255319 5466.180847 1035.000000
19029.759880 5470.275067 1035.000000
19029.830848 5470.851106 1035.000000
19032.216494 5490.239574 1035.000000
19032.613349 5493.600583 1034.999780
19034.571486 5510.204082 1035.000000
19035.250834 5516.204916 1035.000000
19036.829874 5530.168589 1035.000000
19037.795219 5538.716067 1035.000000
19039.083206 5550.133097 1035.000000
19040.332370 5561.219977 1035.000000
19041.331499 5570.097604 1035.000000
19042.862321 5583.716680 1035.000000
19043.574769 5590.062112 1035.000000
19045.302744 5606.123775 1034.999758
19045.722188 5610.026619 1035.000000
19047.611764 5628.399352 1035.000000
19047.775313 5629.991127 1035.000000
19049.202128 5643.888348 1035.000000
19049.824444 5649.955634 1035.000000
19049.895614 5650.649736 1035.000000
19051.869593 5669.920142 1035.000000
19052.173954 5672.894605 1035.000000
19053.910770 5689.884650 1035.000000
19054.421586 5695.108739 1034.999687
19055.861618 5709.849157 1035.000000
19056.546386 5717.199932 1035.000000
19057.720452 5729.813665 1035.000000
19058.594668 5739.214539 1035.000000
19059.576197 5749.778172 1035.000000
19060.638816 5761.225008 1035.000000
19061.428862 5769.742680 1035.000000
19062.678842 5783.231352 1035.000000
19063.278453 5789.707187 1035.000000
19064.644612 5805.163374 1034.999726
19065.042795 5809.671695 1035.000000
19066.494473 5826.979384 1035.000000
19066.717159 5829.636202 1035.000000
19068.319742 5848.770780 1035.000000
19068.389204 5849.600710 1035.000000
19069.148936 5858.681198 1035.000000
19070.058934 5869.565217 1035.000000
19070.142002 5870.559164 1035.000000
19071.726354 5889.529725 1035.000000
19071.949249 5892.332523 1034.999847
19073.313194 5909.494232 1035.000000
19073.651646 5914.000938 1035.000000
19074.811872 5929.458740 1035.000000
19075.271552 5935.586788 1035.000000
19076.308877 5949.423248 1035.000000
19076.889343 5957.170523 1035.000000
19077.804211 5969.387755 1035.000000
19078.505025 5978.752146 1035.000000
19079.297877 5989.352263 1035.000000
19080.072526 6000.285545 1034.999438
19080.712093 6009.316770 1035.000000
19081.534358 6021.713182 1035.000000
19082.036145 6029.281278 1035.000000
19082.951706 6043.096295 1035.000000
19083.359078 6049.245785 1035.000000
19084.367679 6064.478032 1035.000000
19084.680892 6069.210293 1035.000000
19085.782279 6085.858395 1035.000000
19086.001590 6089.174800 1035.000000
19087.124579 6107.166393 1034.999880
19087.247679 6109.139308 1035.000000
19088.363409 6128.370830 1035.000000
19088.405921 6129.103815 1035.000000
19089.095745 6140.999789 1035.000000
19089.570055 6149.068323 1035.000092
19089.599702 6149.572728 1035.000098
19090.743141 6169.032831 1035.000319
19090.846041 6170.784680 1035.000339
19091.915470 6188.997338 1035.000545
19092.080151 6191.984393 1035.000429
19093.015894 6208.961846 1035.000756
19093.225572 6213.095337 1035.000796
19094.028467 6228.926353 1035.000949
19094.292192 6234.127411 1035.001000
19095.040640 6248.890861 1035.001142
19095.358345 6255.159018 1035.001202
19096.052413 6268.855368 1035.001333
19096.424030 6276.190156 1035.001403
19097.063787 6288.819876 1035.001524
19097.459999 6297.191552 1035.001214
19098.008580 6308.784383 1035.001701
19098.410359 6318.107263 1035.001776
19098.868934 6328.748891 1035.001861
19099.309422 6338.971631 1035.001942
19099.729152 6348.713398 1035.002020
19100.208330 6359.835844 1035.002021
19100.589235 6368.677906 1035.001932
19101.107084 6380.699903 1035.001811
19101.449182 6388.642413 1035.001731
19101.965148 6401.523236 1035.001222
19102.248890 6408.606921 1035.001545
19102.741717 6422.265001 1035.001431
19102.969280 6428.571429 1035.001378
19103.489133 6442.977589 1035.001258
19103.689715 6448.535936 1035.001212
19104.236600 6463.690226 1035.001086
19104.410196 6468.500444 1035.001046
19104.984118 6484.402915 1035.000914
19105.130722 6488.464951 1035.000881
19105.683522 6505.067447 1035.000577
19105.795472 6508.429459 1035.000729
19106.303133 6525.652116 1035.000614
19106.383964 6528.393966 1035.000596
19106.909665 6546.223693 1035.000477
19106.972616 6548.358474 1035.000462
19107.516371 6566.795445 1035.000340
19107.561428 6568.322981 1035.000330
19108.123252 6587.367372 1035.000204
19108.150400 6588.287489 1035.000198
19108.677992 6607.887111 1035.000062
19108.687815 6608.251996 1035.000079
19109.042553 6623.509157 1035.000000
19109.153806 6628.216504 1035.000000
19109.156501 6628.330553 1035.000000
19109.625756 6648.181012 1035.000000
19109.639892 6648.778880 1035.000000
19110.097887 6668.145519 1035.000000
19110.123477 6669.227402 1035.000000
19110.570200 6688.110027 1035.000000
19110.603366 6689.672224 1034.999948
19110.994134 6708.074534 1035.000000
19111.029246 6710.062990 1035.000000
19111.346756 6728.039042 1035.000000
19111.388237 6730.386806 1035.000000
19111.699580 6748.003549 1035.000000
19111.747440 6750.710836 1035.000000
19112.052605 6767.968057 1035.000000
19112.106856 6771.035079 1035.000000
19112.405833 6787.932564 1035.000000
19112.458679 6791.351721 1034.999896
19112.714483 6807.897072 1035.000000
19112.759265 6811.617081 1035.000000
19112.954891 6827.861579 1035.000000
19113.002641 6831.825181 1035.000000
19113.195480 6847.826087 1035.000000
19113.246205 6852.033469 1035.000000
19113.436248 6867.790594 1035.000000
19113.489956 6872.241943 1035.000000
19113.677198 6887.755102 1035.000000
19113.724101 6892.440804 1034.999869
19113.877103 6907.719610 1035.000000
19113.909949 6912.591325 1035.000000
19114.011756 6927.684117 1035.000000
19114.045548 6932.691552 1035.000000
19114.146532 6947.648625 1035.000000
19114.181274 6952.791905 1035.000000
19114.281433 6967.613132 1035.000000
19114.317126 6972.892385 1035.000000
19114.416457 6987.577640 1035.000000
19114.442833 6992.982711 1034.999862
19114.513914 7007.542147 1035.000000
19114.523649 7013.028107 1035.000000
19114.549356 7027.506655 1035.000000
19114.559165 7033.028161 1035.000000
19114.584836 7047.471162 1035.000000
19114.594718 7053.028254 1035.000000
19114.620354 7067.435670 1035.000000
19114.630310 7073.028385 1035.000000
19114.655910 7087.400177 1035.000000
19114.655770 7093.018375 1034.999863
19114.655414 7107.364685 1035.000000
19114.637951 7112.965047 1035.000000
19114.593132 7127.329193 1035.000000
19114.575842 7132.867391 1035.000000
19114.530774 7147.293700 1035.000000
19114.513656 7152.769658 1035.000000
19114.468338 7167.258208 1035.000000
19114.451395 7172.671849 1035.000000
19114.405826 7187.222715 1035.000000
19114.379874 7192.564772 1034.999876
19114.308794 7207.187223 1035.000000
19114.267315 7212.416621 1035.000000
19114.150358 7227.151730 1035.000000
19114.110071 7232.223745 1035.000000
19113.991701 7247.116238 1035.000000
19113.952612 7252.030654 1035.000000
19113.832823 7267.080745 1035.000000
19113.794938 7271.837347 1035.000000
19113.673725 7287.045253 1035.000000
19113.629897 7291.636667 1034.999903
19113.483047 7307.009760 1035.000000
19113.428340 7311.399439 1035.000000
19113.234088 7326.974268 1035.000000
19113.182370 7331.117758 1035.000000
19112.984746 7346.938776 1035.000000
19112.936031 7350.835708 1035.000000
19112.735019 7366.903283 1035.000000
19112.689322 7370.553288 1035.000000
19112.484909 7386.867791 1035.000000
19112.437493 7390.265743 1034.999936
19112.206138 7406.832298 1035.000000
19112.154133 7409.946638 1035.000000
19111.872521 7426.796806 1035.000000
19111.825924 7429.582646 1035.000000
19111.538345 7446.761313 1035.000000
19111.497183 7449.218121 1035.000000
19111.203608 7466.725821 1035.000000
19111.167908 7468.853061 1035.000000
19110.868309 7486.690328 1035.000000
19110.835265 7488.484630 1034.999962
19110.500352 7506.654836 1035.000000
19110.469414 7508.082963 1035.000000
19110.067490 7526.619343 1035.000000
19110.045700 7527.623380 1035.000000
19109.633835 7546.583851 1035.000000
19109.621242 7547.163053 1035.000000
19109.199384 7566.548358 1035.000000
19109.196038 7566.701980 1035.000000
19109.042553 7573.746306 1035.000000
19108.773829 7586.243903 1035.000051
19108.768042 7586.512866 1035.000052
19108.322990 7605.757172 1035.000103
19108.306318 7606.477374 1035.000138
19107.810156 7625.208391 1035.000230
19107.777449 7626.441881 1035.000236
19107.293988 7644.656272 1035.000326
19107.247487 7646.406389 1035.000334
19106.776807 7664.103139 1035.000421
19106.716429 7666.370896 1035.000432
19106.258610 7683.548990 1035.000515
19106.184271 7686.335404 1035.000528
19105.716190 7702.970597 1035.000475
19105.622411 7706.299911 1035.000630
19105.120275 7722.338660 1035.000720
19104.997233 7726.264419 1035.000742
19104.513071 7741.695425 1035.000829
19104.370671 7746.228926 1035.000854
19103.904603 7761.050925 1035.000936
19103.742721 7766.193434 1035.000965
19103.294868 7780.405156 1035.001044
19103.113380 7786.157941 1035.001075
19102.666979 7799.741218 1035.000922
19102.457030 7806.122449 1035.001190
19101.994328 7819.032478 1035.001270
19101.741196 7826.086957 1035.001314
19101.302310 7838.304353 1035.001390
19101.023684 7846.051464 1035.001438
19100.608778 7857.574713 1035.001509
19100.304486 7866.015972 1035.001561
19099.913727 7876.843553 1035.001599
19099.583596 7885.980479 1035.001547
19099.206023 7896.099728 1035.001337
19098.838234 7905.944987 1035.001432
19098.462371 7915.319925 1035.001374
19098.037288 7925.909494 1035.001309
19097.691523 7934.512900 1035.001256
19097.234365 7945.874002 1035.001187
19096.918916 7953.704115 1035.001139
19096.429459 7965.838509 1035.001065
19096.144545 7972.893564 1035.001022
19095.622560 7985.803017 1035.000944
19095.362383 7992.075216 1035.000823
19094.793702 8005.767524 1035.000821
19094.553117 8011.229739 1035.000786
19093.913537 8025.732032 1035.000691
19093.709624 8030.350006 1035.000662
19093.031104 8045.696539 1035.000563
19092.864138 8049.468276 1035.000538
19092.146395 8065.661047 1035.000434
19092.016651 8068.584545 1035.000416
19091.259400 8085.625555 1035.000307
19091.165452 8087.697098 1035.000270
19090.352919 8105.590062 1035.000178
19090.295654 8106.791036 1035.000169
19089.399780 8125.554570 1035.000043
19089.385896 8125.844979 1035.000041
19089.095745 8131.911718 1035.000000
19088.480263 8144.903049 1035.000000
19088.451050 8145.519077 1035.000000
19087.575346 8163.961837 1035.000000
19087.502991 8165.483585 1035.000000
19086.668172 8183.018366 1035.000000
19086.552336 8185.448092 1035.000000
19085.747333 8202.061217 1034.999915
19085.584715 8205.412600 1035.000000
19084.793594 8221.071139 1035.000000
19084.575736 8225.377107 1035.000000
19083.831243 8240.072442 1035.000000
19083.563922 8245.341615 1035.000000
19082.866441 8259.071291 1035.000000
19082.549259 8265.306122 1035.000000
19081.899177 8278.067677 1035.000000
19081.531737 8285.270630 1035.000000
19080.922814 8297.054955 1034.999909
19080.499526 8305.235138 1035.000000
19079.922806 8316.018567 1035.000000
19079.431077 8325.199645 1035.000000
19078.907254 8334.966621 1035.000000
19078.359552 8345.164153 1035.000000
19077.889068 8353.912040 1035.000000
19077.284940 8365.128660 1035.000000
19076.868239 8372.854813 1035.000000
19076.207226 8385.093168 1035.000000
19075.841777 8391.791947 1034.999959
19075.117021 8405.057675 1035.000000
19074.799764 8410.713517 1035.000000
19073.995962 8425.022183 1035.000000
19073.737603 8429.614921 1035.000000
19072.871618 8444.986690 1035.000000
19072.672653 8448.513534 1035.000000
19071.743974 8464.951198 1035.000000
19071.604903 8467.409344 1035.000000
19070.613016 8484.915705 1035.000000
19070.533872 8486.301870 1034.999994
19069.471559 8504.880213 1035.000000
19069.453751 8505.185298 1035.000000
19069.148936 8510.405248 1035.000000
19068.351261 8524.046337 1035.000000
19068.304525 8524.844720 1035.000000
19067.245851 8542.904454 1035.000000
19067.134026 8544.809228 1035.000000
19066.137509 8561.759637 1035.000000
19065.960047 8564.773736 1035.000000
19065.026226 8580.611875 1035.000000
19064.782572 8584.738243 1035.000000
19063.908459 8599.457624 1034.999952
19063.596512 8604.702751 1035.000000
19062.776141 8618.288808 1035.000000
19062.390414 8624.667258 1035.000000
19061.636721 8637.112885 1035.000000
19061.180705 8644.631766 1035.000000
19060.494268 8655.933926 1035.000000
19059.967371 8664.596273 1035.000000
19059.348769 8674.751918 1035.000000
19058.750394 8684.560781 1035.000000
19058.198970 8693.565606 1034.999983
19057.526829 8704.525288 1035.000000
19057.041044 8712.371161 1035.000000
19056.289584 8724.489796 1035.000000
19055.874864 8731.168453 1035.000000
19055.048625 8744.454303 1035.000000
19054.705581 8749.962640 1035.000000
19053.803936 8764.418811 1035.000000
19053.533182 8768.753708 1035.000000
19052.555500 8784.383319 1035.000000
19052.357532 8787.541523 1034.999998
19051.302469 8804.347826 1035.000000
19051.177855 8806.325307 1035.000000
19050.042687 8824.312334 1035.000000
19049.992680 8825.103588 1035.000000
19049.202128 8837.600071 1035.000000
19048.804368 8843.878729 1035.000000
19048.779135 8844.276841 1035.000000
19047.612907 8862.650717 1035.000000
19047.511795 8864.241349 1035.000000
19046.418284 8881.419543 1035.000000
19046.240650 8884.205856 1035.000000
19045.221279 8900.185983 1035.000010
19044.966735 8904.170364 1035.000000
19044.024026 8918.952175 1035.000000
19043.693009 8924.134871 1035.000000
19042.824381 8937.715973 1035.000000
19042.415501 8944.099379 1035.000000
19041.621588 8956.476620 1035.000000
19041.134194 8964.063886 1035.000000
19040.415634 8975.234104 1035.000000
19039.849071 8984.028394 1035.000000
19039.206175 8993.988079 1034.999996
19038.559405 9003.992902 1035.000000
19037.992078 9012.737412 1035.000000
19037.263070 9023.957409 1035.000000
19036.773474 9031.482235 1035.000000
19035.962900 9043.921917 1035.000000
19035.551691 9050.223875 1035.000000
19034.658875 9063.886424 1035.000000
19034.326716 9068.962321 1035.000000
19033.350981 9083.850932 1035.000000
19033.098172 9087.697195 1034.999995
19032.037174 9103.815439 1035.000000
19031.863945 9106.426380 1035.000000
19030.710883 9123.779947 1035.000000
19030.620001 9125.145839 1035.000000
19029.380663 9143.744454 1035.000000
19029.372816 9143.862055 1035.000000
19029.255319 9145.622626 1035.000000
19028.122379 9162.575017 1035.000000
19028.046495 9163.708962 1035.000000
19026.868679 9181.284712 1035.000000
19026.708362 9183.673469 1035.000000
19025.611274 9199.990699 1034.999994
19025.365686 9203.637977 1035.000000
19024.348757 9218.691569 1035.000000
19024.016517 9223.602484 1035.000000
19023.082539 9237.388734 1035.000000
19022.663362 9243.566992 1035.000000
19021.813037 9256.082614 1035.000000
19021.306203 9263.531500 1035.000000
19020.540240 9274.773195 1035.000000
19019.945023 9283.496007 1035.000000
19019.264457 9293.460787 1035.000004
19018.580493 9303.460515 1035.000000
19017.986986 9312.146691 1035.000000
19017.215235 9323.425022 1035.000000
19016.707775 9330.830852 1035.000000
19015.845972 9343.389530 1035.000000
19015.425277 9349.511724 1035.000000
19014.472687 9363.354037 1035.000000
19014.139480 9368.189293 1035.000000
19013.095361 9383.318545 1035.000000
19012.850574 9386.863751 1035.000003
19011.715199 9403.283052 1035.000000
19011.559869 9405.536409 1035.000000
19010.337219 9423.247560 1035.000000
19010.270650 9424.210553 1035.000000
19009.308511 9438.114036 1035.000000
19008.981951 9442.885218 1035.000048
19008.959571 9443.212067 1035.000052
19007.701028 9461.567666 1035.000238
19007.590552 9463.176575 1035.000254
19006.416792 9480.246798 1035.000427
19006.217485 9483.141083 1035.000456
19005.130055 9498.923427 1035.000625
19004.841471 9503.105590 1035.000657
19003.844280 9517.601019 1035.000802
19003.467494 9523.070098 1035.000856
19002.556411 9536.276514 1035.000988
19002.089503 9543.034605 1035.001055
19001.265248 9554.948713 1035.001173
19000.707481 9562.999113 1035.001253
18999.970779 9573.617603 1035.001350
18999.321410 9582.963620 1035.001266
18998.673620 9592.283800 1035.001190
18997.932713 9602.928128 1035.001086
18997.376923 9610.950461 1035.001015
18996.548372 9622.892635 1035.000908
18996.081132 9629.618027 1035.000848
18995.160028 9642.857143 1035.000731
18994.782065 9648.282315 1035.000682
18993.767665 9662.821650 1035.000554
18993.479711 9666.943313 1035.000517
18992.371265 9682.786158 1035.000377
18992.174356 9685.601308 1035.000356
18990.973087 9702.750665 1035.000201
18990.868387 9704.258687 1035.000188
18989.585157 9722.715173 1035.000028
18989.570601 9722.924257 1035.000026
18989.361702 9725.924135 1035.000000
18988.280208 9741.597227 1035.000000
18988.205425 9742.679681 1035.000000
18986.988602 9760.268983 1035.000000
18986.824050 9762.644188 1035.000000
18985.693738 9778.937477 1035.000000
18985.438688 9782.608696 1035.000000
18984.397670 9797.604766 1035.000026
18984.052268 9802.573203 1035.000000
18983.111655 9816.282118 1035.000000
18982.681833 9822.537711 1035.000000
18981.827108 9834.960938 1035.000000
18981.307531 9842.502218 1035.000000
18980.539385 9853.636580 1035.000000
18979.929343 9862.466726 1035.000000
18979.248475 9872.309033 1035.000000
18978.547254 9882.431233 1035.000000
18977.955794 9890.979712 1035.000018
18977.164816 9902.395741 1035.000000
18976.670517 9909.657802 1035.000000
18975.804723 9922.360248 1035.000000
18975.396155 9928.346817 1035.000000
18974.440883 9942.324756 1035.000000
18974.118717 9947.032753 1035.000000
18973.073281 9962.289264 1035.000000
18972.838192 9965.715599 1035.000000
18971.701901 9982.253771 1035.000000
18971.554525 9984.395301 1034.999999
18970.326292 10002.218279 1035.000000
18970.267275 10003.071416 1035.000000
18969.414894 10015.382226 1035.000000
18968.974023 10021.741525 1035.000000
18968.943418 10022.182786 1035.000000
18967.677678 10040.408536 1035.000000
18967.556759 10042.147294 1035.000000
18966.378228 10059.072441 1035.000000
18966.166301 10062.111801 1035.000000
18965.075663 10077.733228 1035.000000
18964.772027 10082.076309 1035.000000
18963.767068 10096.387979 1034.999964
18963.369582 10102.040816 1035.000000
18962.431281 10115.015514 1035.000000
18961.925092 10122.005324 1035.000000
18961.082184 10133.629728 1035.000000
18960.476587 10141.969831 1035.000000
18959.729826 10152.240678 1035.000000
18959.024050 10161.934339 1035.000000
18958.374196 10170.848353 1035.000000
18957.567465 10181.898846 1035.000000
18957.014004 10189.451461 1034.999984
18956.103181 10201.863354 1035.000000
18955.638464 10208.039208 1035.000000
18954.599446 10221.827862 1035.000000
18954.239143 10226.603153 1035.000000
18953.091477 10241.792369 1035.000000
18952.836414 10245.163687 1035.000000
18951.579256 10261.756877 1035.000000
18951.430267 10263.720800 1035.000000
18950.062764 10281.721384 1035.000000
18950.020613 10282.274403 1034.999999
18949.468085 10289.519652 1034.999987
18948.605022 10300.822063 1034.999984
18948.539002 10301.685892 1035.000000
18947.159391 10319.339656 1035.000000
18946.978553 10321.650399 1035.000000
18945.708922 10337.852408 1035.000000
18945.413663 10341.614907 1035.000000
18944.254900 10356.361604 1035.000000
18943.844312 10361.579414 1035.000000
18942.797314 10374.867232 1035.000000
18942.270481 10381.543922 1035.000000
18941.334842 10393.367970 1034.999984
18940.689765 10401.508429 1035.000000
18939.854019 10411.850341 1035.000000
18939.075288 10421.472937 1035.000000
18938.358529 10430.318030 1035.000000
18937.456177 10441.437445 1035.000000
18936.859364 10448.782043 1035.000000
18935.832412 10461.401952 1035.000000
18935.356514 10467.242367 1035.000000
18934.203974 10481.366460 1035.000000
18933.849585 10485.698609 1034.999995
18932.568947 10501.330967 1035.000000
18932.334250 10504.146436 1035.000000
18930.902643 10521.295475 1035.000000
18930.795993 10522.571322 1035.000000
18929.521277 10537.802509 1035.000000
18929.253953 10540.992422 1035.000000
18929.231525 10541.259982 1035.000000
18927.708118 10559.409723 1035.000000
18927.555575 10561.224490 1035.000000
18926.158475 10577.823212 1035.000000
18925.874770 10581.188997 1035.000000
18924.604020 10596.231885 1034.999988
18924.187663 10601.153505 1035.000000
18923.031030 10614.622007 1035.000000
18922.472364 10621.118012 1035.000000
18921.448878 10633.002959 1035.000000
18920.752088 10641.082520 1035.000000
18919.862833 10651.380014 1035.000000
18919.026811 10661.047028 1035.000000
18918.272880 10669.753158 1035.000000
18917.296512 10681.011535 1035.000000
18916.678673 10688.122043 1034.999996
18915.560148 10700.976043 1035.000000
18915.074960 10706.481416 1035.000000
18913.798827 10720.940550 1035.000000
18913.455531 10724.825057 1035.000000
18912.032382 10740.905058 1035.000000
18911.832125 10743.164718 1035.000000
18910.260789 10760.869565 1035.000000
18910.204728 10761.500384 1035.000000
18909.574468 10768.588280 1035.000000
18908.581916 10779.840640 1035.000104
18908.494208 10780.834073 1035.000113
18906.959969 10798.181762 1035.000266
18906.728197 10800.798580 1035.000297
18905.322305 10816.507152 1035.000443
18904.940850 10820.763088 1035.000482
18903.678665 10834.826561 1035.000613
18903.148277 10840.727595 1035.000667
18902.030975 10853.141917 1035.000782
18901.350456 10860.692103 1035.000852
18900.379223 10871.453207 1035.000952
18899.547362 10880.656610 1035.000947
18898.723228 10889.760250 1035.000865
18897.738573 10900.621118 1035.000773
18897.058736 10908.058788 1035.000707
18895.912057 10920.585626 1035.000597
18895.383966 10926.347039 1035.000547
18894.080211 10940.550133 1035.000422
18893.705096 10944.631187 1035.000387
18892.243015 10960.514641 1035.000248
18892.022113 10962.911219 1035.000227
18890.400443 10980.479148 1035.000073
18890.334998 10981.187114 1035.000067
18889.627660 10988.834137 1034.999999
18888.651227 10999.466356 1034.999998
18888.561397 11000.443656 1035.000000
18886.962126 11017.740265 1035.000000
18886.715090 11020.408163 1035.000000
18885.268525 11036.009669 1035.000000
18884.863400 11040.372671 1035.000000
18883.570787 11054.274932 1035.000000
18883.006306 11060.337178 1035.000000
18881.868899 11072.536041 1035.000000
18881.143782 11080.301686 1035.000000
18880.162818 11090.792954 1035.000000
18879.275747 11100.266193 1035.000000
18878.450774 11109.043898 1035.000000
18877.397862 11120.230701 1035.000000
18876.732672 11127.288779 1035.000000
18875.514543 11140.195209 1035.000000
18875.010418 11145.529505 1035.000000
18873.625766 11160.159716 1035.000000
18873.283997 11163.766059 1035.000000
18871.731506 11180.124224 1035.000000
18871.553392 11181.998426 1035.000000
18869.831692 11200.088731 1035.000000
18869.818489 11200.226491 1035.000000
18869.680851 11201.662481 1035.000000
18868.070496 11218.441455 1035.000000
18867.915601 11220.053239 1035.000000
18866.318315 11236.652227 1035.000000
18865.993992 11240.017746 1035.000000
18864.561933 11254.858793 1035.000000
18864.066841 11259.982254 1035.000000
18862.801335 11273.061141 1035.000000
18862.134124 11279.946761 1035.000000
18861.036509 11291.259257 1035.000000
18860.195818 11299.911269 1035.000000
18859.257256 11309.442932 1034.999999
18858.228479 11319.875776 1035.000000
18857.464469 11327.613062 1035.000000
18856.255365 11339.840284 1035.000000
18855.667352 11345.778858 1035.000000
18854.276557 11359.804791 1035.000000
18853.865941 11363.940356 1035.000000
18852.292030 11379.769299 1035.000000
18852.060223 11382.097543 1035.000000
18850.301759 11399.733807 1035.000000
18850.249518 11400.249740 1034.999996
18849.734043 11405.338535 1034.999997
18848.411779 11418.374877 1035.000000
18848.277405 11419.698314 1035.000000
18846.569370 11436.495341 1035.000000
18846.246814 11439.662822 1035.000000
18844.722547 11454.611387 1035.000000
18844.210344 11459.627329 1035.000000
18842.871318 11472.723023 1035.000000
18842.167968 11479.591837 1035.000000
18841.015669 11490.830235 1035.000000
18840.119662 11499.556344 1035.000000
18839.145163 11508.922577 1034.999997
18838.040884 11519.520852 1035.000000
18837.260311 11527.000560 1035.000000
18835.955527 11539.485359 1035.000000
18835.370715 11545.073795 1035.000000
18833.864123 11559.449867 1035.000000
18833.476629 11563.142535 1035.000000
18831.766645 11579.414374 1035.000000
18831.578037 11581.206767 1035.000000
18829.787234 11598.202044 1035.000000
18829.674927 11599.266475 1035.000000
18829.663066 11599.378882 1035.000000
18827.750517 11617.304865 1034.999999
18827.532709 11619.343390 1035.000000
18825.820975 11635.338118 1035.000000
18825.395519 11639.307897 1035.000000
18823.886810 11653.366745 1035.000000
18823.252131 11659.272405 1035.000000
18821.948069 11671.390791 1035.000000
18821.102519 11679.236912 1035.000000
18820.004737 11689.410242 1035.000000
18818.946655 11699.201420 1035.000000
18818.050590 11707.418869 1034.999996
18816.767792 11719.165927 1035.000000
18816.084245 11725.415287 1035.000000
18814.581932 11739.130435 1035.000000
18814.112912 11743.406712 1035.000000
18812.389744 11759.094942 1035.000000
18812.136945 11761.393500 1035.000000
18810.191201 11779.059450 1035.000000
18810.156331 11779.375636 1035.000000
18809.840426 11782.239427 1035.000000
18808.181665 11797.363725 1035.000124
18807.999356 11799.023957 1035.000137
18806.194223 11815.339027 1035.000270
18805.789859 11818.988465 1035.000301
18804.200642 11833.308185 1035.000419
18803.573273 11838.952972 1035.000465
18802.202280 11851.272557 1035.000567
18801.350280 11858.917480 1035.000629
18800.199239 11869.232247 1035.000714
18799.120851 11878.881988 1035.000665
18798.191504 11887.187238 1035.000597
18796.884958 11898.846495 1035.000503
18796.175713 11905.134165 1035.000446
18794.630758 11918.811003 1035.000340
18794.148875 11923.070037 1035.000305
18792.369347 11938.775510 1035.000177
18792.116887 11941.000753 1035.000159
18790.101422 11958.740018 1035.000015
18790.080180 11958.926746 1035.000013
18789.893617 11960.566455 1035.000000
18788.050071 11976.859343 1035.000000
18787.841013 11978.704525 1035.000000
18786.016368 11994.788344 1035.000000
18785.575483 11998.669033 1035.000000
18783.968427 12012.703093 1034.999997
18783.288352 12018.633540 1035.000000
18781.912549 12030.609899 1035.000000
18780.993583 12038.598048 1035.000000
18779.851640 12048.511668 1035.000000
18778.692222 12058.562555 1035.000000
18777.785969 12066.408672 1035.000000
18776.384242 12078.527063 1035.000000
18775.715524 12084.300897 1035.000000
18774.069612 12098.491571 1035.000000
18773.637641 12102.185678 1034.999989
18771.732346 12118.456078 1035.000000
18771.544718 12120.055405 1035.000000
18769.946809 12133.661076 1035.000000
18769.446055 12137.919388 1035.000000
18769.387097 12138.420586 1035.000000
18767.342592 12155.778566 1035.000000
18767.035144 12158.385093 1035.000000
18765.234313 12173.632924 1035.000000
18764.676457 12178.349601 1035.000000
18763.121204 12191.482447 1035.000000
18762.311007 12198.314108 1035.000000
18760.996776 12209.320642 1034.999994
18759.925634 12218.278616 1035.000000
18758.863023 12227.149503 1035.000000
18757.532271 12238.243123 1035.000000
18756.723951 12244.973040 1035.000000
18755.132104 12258.207631 1035.000000
18754.580032 12262.791727 1035.000000
18752.725102 12278.172138 1035.000000
18752.431251 12280.605547 1035.000000
18750.311236 12298.136646 1035.000000
18750.277466 12298.414358 1034.999999
18750.000000 12300.695712 1034.999990
18748.110704 12316.210181 1034.999999
18747.880144 12318.101154 1035.000000
18745.938327 12334.000384 1035.000000
18745.441123 12338.065661 1035.000000
18743.760991 12351.785624 1035.000000
18742.995210 12358.030169 1035.000000
18741.578770 12369.565974 1035.000000
18740.542376 12377.994676 1035.000000
18739.391651 12387.341422 1035.000000
18738.082592 12397.959184 1035.000000
18737.197181 12405.109512 1034.999994
18735.608203 12417.923691 1035.000000
18734.994011 12422.868894 1035.000000
18733.126006 12437.888199 1035.000000
18732.785459 12440.622891 1035.000000
18730.636846 12457.852706 1035.000000
18730.572009 12458.371985 1035.000000
18730.053191 12462.525860 1035.000000
18728.353647 12476.116161 1035.000000
18728.140692 12477.817214 1035.000000
18726.130358 12493.855407 1035.000000
18725.637515 12497.781721 1035.000000
18723.898855 12511.586432 1034.999998
18723.121970 12517.746229 1035.000000
18721.661180 12529.311279 1035.000000
18720.598765 12537.710736 1035.000000
18719.418420 12547.031037 1035.000000
18718.068538 12557.675244 1035.000000
18717.170744 12564.745873 1035.000000
18715.531261 12577.639752 1035.000000
18714.918137 12582.455775 1035.000000
18712.986904 12597.604259 1035.000000
18712.660364 12600.160507 1034.999998
18710.433540 12617.568767 1035.000000
18710.396364 12617.859005 1035.000000
18710.106383 12620.122545 1035.000000
18708.136438 12635.561581 1035.000104
18707.884558 12637.533274 1035.000117
18705.872965 12653.260608 1035.000223
18705.330266 12657.497782 1035.000251
18703.604587 12670.954724 1035.000342
18702.768924 12677.462289 1035.000386
18701.331288 12688.643916 1035.000461
18700.200502 12697.426797 1035.000520
18699.053415 12706.328529 1035.000480
18697.625910 12717.391304 1035.000402
18696.771045 12724.008641 1035.000356
18695.044432 12737.355812 1035.000263
18694.483863 12741.683937 1035.000232
18692.455910 12757.320319 1035.000123
18692.191790 12759.354338 1035.000109
18690.159574 12774.985792 1035.000000
18689.896066 12777.021085 1035.000000
18689.861915 12777.284827 1035.000000
18687.605065 12794.692559 1035.000000
18687.273135 12797.249335 1035.000000
18685.311653 12812.361619 1035.000001
18684.681015 12817.213842 1035.000000
18683.014156 12830.026591 1035.000000
18682.082504 12837.178350 1035.000000
18680.711940 12847.686840 1035.000000
18679.476982 12857.142857 1035.000000
18678.404864 12865.342224 1035.000000
18676.864421 12877.107365 1035.000000
18676.092913 12882.992730 1035.000000
18674.244793 12897.071872 1035.000000
18673.777094 12900.639363 1035.000009
18671.624575 12917.036380 1035.000000
18671.460509 12918.285230 1035.000000
18670.212766 12927.776096 1035.000000
18669.139914 12935.927083 1035.000000
18668.998490 12937.000887 1035.000000
18666.814491 12953.564105 1035.000000
18666.365405 12956.965395 1035.000000
18664.484228 12971.196282 1035.000000
18663.725291 12976.929902 1035.000000
18662.149112 12988.823601 1035.000000
18661.078121 12996.894410 1035.000000
18659.813016 13006.449940 1035.000009
18658.433105 13016.858917 1035.000000
18657.475939 13024.075297 1035.000000
18655.782832 13036.823425 1035.000000
18655.134858 13041.696646 1035.000000
18653.125584 13056.787933 1035.000000
18652.788978 13059.313192 1035.000000
18650.461335 13076.752440 1035.000000
18650.438287 13076.924922 1035.000000
18650.265957 13078.214431 1035.000000
18648.082772 13094.531825 1035.000000
18647.790056 13096.716948 1035.000000
18645.730644 13112.142118 1035.000005
18645.123812 13116.681455 1035.000000
18643.376305 13129.750197 1035.000000
18642.453033 13136.645963 1035.000000
18641.017698 13147.354005 1035.000000
18639.775327 13156.610470 1035.000000
18638.654334 13164.953051 1035.000000
18637.090668 13176.574978 1035.000000
18636.286201 13182.547325 1035.000000
18634.399027 13196.539485 1035.000000
18633.915651 13200.139179 1035.000025
18631.715333 13216.503993 1035.000000
18631.549736 13217.735672 1035.000000
18630.319149 13226.882472 1035.000000
18629.181399 13235.329741 1035.000000
18629.027928 13236.468500 1035.000000
18626.808373 13252.919117 1035.000000
18626.333666 13256.433008 1035.000000
18624.430645 13270.503786 1035.000000
18623.632522 13276.397516 1035.000000
18622.048203 13288.083738 1035.000000
18620.924469 13296.362023 1035.000000
18619.668262 13305.666193 1035.000020
18618.227145 13316.326531 1035.000000
18617.291307 13323.251636 1035.000000
18615.526996 13336.291038 1035.000000
18614.911585 13340.834311 1035.000000
18612.820080 13356.255546 1035.000000
18612.527240 13358.412357 1035.000000
18610.372340 13374.265565 1035.000000
18610.139053 13375.986559 1035.000009
18610.107398 13376.220053 1035.000010
18607.753550 13393.563447 1035.000098
18607.397366 13396.184561 1035.000111
18605.376801 13411.149096 1035.000198
18604.700856 13416.149068 1035.000211
18603.000529 13428.735223 1035.000275
18602.002529 13436.113576 1035.000312
18600.620797 13446.317888 1035.000363
18599.297580 13456.078083 1035.000358
18598.236536 13463.896018 1035.000315
18596.585986 13476.042591 1035.000248
18595.847733 13481.469604 1035.000218
18593.867722 13496.007098 1035.000139
18593.457525 13499.041782 1035.000156
18591.166371 13515.971606 1035.000030
18591.078081 13516.624734 1035.000026
18590.425532 13521.450393 1035.000000
18588.704966 13534.214021 1035.000000
18588.472623 13535.936114 1035.000000
18586.329844 13551.801299 1035.000000
18585.775519 13555.900621 1035.000000
18583.950303 13569.384154 1035.000000
18583.071945 13575.865129 1035.000000
18581.566332 13586.962576 1035.000000
18580.361876 13595.829636 1035.000000
18579.187977 13604.546618 1035.000037
18577.671514 13615.794144 1035.000000
18576.817447 13622.138491 1035.000000
18574.981775 13635.758651 1035.000000
18574.446048 13639.729496 1035.000000
18572.285737 13655.723159 1035.000000
18572.070340 13657.316188 1035.000000
18570.478723 13669.078214 1035.000000
18569.690312 13674.898556 1035.000000
18569.583379 13675.687666 1035.000000
18567.305955 13692.476590 1035.000000
18566.874680 13695.652174 1035.000000
18564.935925 13710.068965 1035.000022
18564.189019 13715.616681 1035.000000
18562.570147 13727.665595 1035.000000
18561.505409 13735.581189 1035.000000
18560.202183 13745.260038 1035.000000
18558.815672 13755.545697 1035.000000
18557.830020 13762.850277 1035.000000
18556.119787 13775.510204 1035.000000
18555.453649 13780.436305 1035.000000
18553.417734 13795.474712 1035.000000
18553.076672 13798.021727 1035.000039
18550.741754 13815.439219 1035.000000
18550.716985 13815.624454 1035.000000
18550.531915 13817.008406 1035.000000
18548.360493 13833.230378 1035.000000
18548.069278 13835.403727 1035.000000
18545.999931 13850.832229 1035.000000
18545.390863 13855.368234 1035.000000
18543.635289 13868.429997 1035.000000
18542.706490 13875.332742 1035.000000
18541.266560 13886.023673 1035.000000
18540.016138 13895.297249 1035.000000
18538.906316 13903.625843 1035.000058
18537.354094 13915.261757 1035.000000
18536.558892 13921.240843 1035.000000
18534.696862 13935.226264 1035.000000
18534.212958 13938.857335 1035.000000
18532.033888 13955.190772 1035.000000
18531.863078 13956.469878 1035.000000
18530.585106 13966.034303 1035.000000
18529.509243 13974.078462 1035.000000
18529.365153 13975.155280 1035.000000
18527.151444 13991.683078 1035.000000
18526.690638 13995.119787 1035.000000
18524.812681 14009.306748 1035.000032
18524.047088 14015.084295 1035.000000
18522.481889 14026.938394 1035.000000
18521.409879 14035.048802 1035.000000
18520.150326 14044.569271 1035.000000
18518.767136 14055.013310 1035.000000
18517.814948 14062.196328 1035.000000
18516.118842 14074.977817 1035.000000
18515.475746 14079.819558 1035.000000
18513.464979 14094.942325 1035.000000
18513.137036 14097.443280 1035.000046
18510.844749 14114.906832 1035.000000
18510.820864 14115.089561 1035.000000
18510.638298 14116.486138 1035.000000
18508.515877 14132.747036 1035.000048
18508.238348 14134.871340 1035.000055
18506.207628 14150.401246 1035.000101
18505.627163 14154.835847 1035.000114
18503.895717 14168.051791 1035.000153
18503.010677 14174.800355 1035.000173
18501.580136 14185.698663 1035.000206
18500.388872 14194.764862 1035.000233
18499.276855 14203.357846 1035.000302
18497.803813 14214.729370 1035.000185
18496.991069 14221.034539 1035.000164
18495.228641 14234.693878 1035.000118
18494.709322 14238.715275 1035.000104
18492.648428 14254.658385 1035.000051
18492.424072 14256.392505 1035.000045
18490.691489 14269.774264 1035.000000
18490.136690 14274.067601 1035.000000
18490.064916 14274.622893 1035.000000
18487.850095 14291.743484 1035.000000
18487.481829 14294.587400 1035.000000
18485.589555 14309.445446 1035.000040
18484.938596 14314.551908 1035.000000
18483.340680 14327.159083 1035.000000
18482.407289 14334.516415 1035.000000
18481.092281 14344.873197 1035.000000
18479.871237 14354.480923 1035.000000
18478.840564 14362.583989 1035.000000
18477.330426 14374.445430 1035.000000
18476.585521 14380.291453 1035.000000
18474.784842 14394.409938 1035.000000
18474.334676 14398.003118 1035.000078
18472.281752 14414.374445 1035.000000
18472.111345 14415.742322 1035.000000
18470.744681 14426.706627 1035.000000
18469.898259 14433.491780 1035.000000
18469.792542 14434.338953 1035.000000
18467.682033 14451.238095 1035.000000
18467.298861 14454.303461 1035.000000
18465.462661 14468.981261 1035.000000
18464.800697 14474.267968 1035.000000
18463.240136 14486.721272 1035.000000
18462.298038 14494.232476 1035.000000
18461.037009 14504.480697 1035.000090
18459.840394 14514.196983 1035.000000
18458.854642 14522.260902 1035.000000
18457.398639 14534.161491 1035.000000
18456.678031 14540.046867 1035.000000
18454.952695 14554.125998 1035.000000
18454.498456 14557.829865 1035.000000
18452.502550 14574.090506 1035.000000
18452.315911 14575.609892 1035.000000
18450.797872 14587.960530 1035.000000
18450.130392 14593.386941 1035.000000
18450.048194 14594.055013 1035.000000
18447.981465 14611.200614 1035.000028
18447.641393 14614.019521 1035.000000
18445.845995 14629.027758 1035.000000
18445.252605 14633.984028 1035.000000
18443.710517 14646.854892 1035.000000
18442.859917 14653.948536 1035.000000
18441.572257 14664.679242 1035.000000
18440.463317 14673.913043 1035.000000
18439.431211 14682.500803 1035.000000
18438.062796 14693.877551 1035.000000
18437.302934 14700.335146 1035.000147
18435.712332 14713.842059 1035.000000
18435.204107 14718.198964 1035.000000
18433.382097 14733.806566 1035.000000
18433.117141 14736.074654 1035.000000
18431.048256 14753.771074 1035.000000
18431.027586 14753.947752 1035.000000
18430.851064 14755.456506 1035.000000
18428.935438 14771.818255 1035.000000
18428.710799 14773.735581 1035.000000
18426.840692 14789.686158 1035.000000
18426.369718 14793.700089 1035.000000
18424.778214 14807.586357 1035.000071
18424.081068 14813.664596 1035.000000
18422.737133 14825.507973 1035.000000
18421.814909 14833.629104 1035.000000
18420.700720 14843.434261 1035.000000
18419.545440 14853.593611 1035.000000
18418.661909 14861.358148 1035.000000
18417.272653 14873.558119 1035.000000
18416.620695 14879.279631 1035.000000
18414.996541 14893.522626 1035.000000
18414.586682 14897.208321 1035.000097
18412.775168 14913.487134 1035.000000
18412.589685 14915.174059 1035.000000
18410.904255 14930.493674 1035.000000
18410.611284 14933.158410 1035.000003
18410.579042 14933.451642 1035.000004
18408.632644 14951.142522 1035.000027
18408.382323 14953.416149 1035.000029
18406.651808 14969.124436 1035.000050
18406.182597 14973.380657 1035.000055
18404.668771 14987.104147 1035.000073
18403.979859 14993.345164 1035.000081
18402.699590 15005.097727 1035.000152
18401.804437 15013.309672 1035.000107
18400.743568 15023.104476 1035.000119
18399.641395 15033.274179 1035.000123
18398.791153 15041.114836 1035.000111
18397.475606 15053.238687 1035.000092
18396.836720 15059.123177 1035.000083
18395.307065 15073.203194 1035.000062
18394.880266 15077.129495 1035.000056
18393.135767 15093.167702 1035.000031
18392.921750 15095.133748 1035.000028
18390.961318 15113.132209 1035.000000
18390.960937 15113.135703 1035.000000
18390.957447 15113.167727 1035.000000
18389.000848 15131.138382 1035.000000
18388.787504 15133.096717 1035.000000
18387.038891 15149.139192 1035.000000
18386.611143 15153.061224 1035.000000
18385.075062 15167.138127 1035.000000
18384.432224 15173.025732 1035.000000
18383.109355 15185.135184 1035.000000
18382.250744 15192.990240 1035.000000
18381.142397 15203.130989 1035.000003
18380.068096 15212.954747 1035.000000
18379.174401 15221.125753 1035.000000
18377.883796 15232.919255 1035.000000
18377.204992 15239.119105 1035.000000
18375.697117 15252.883762 1035.000000
18375.233840 15257.110711 1035.000000
18373.508053 15272.848270 1035.000000
18373.260944 15275.100572 1035.000000
18371.316602 15292.812777 1035.000000
18371.286338 15293.088722 1035.000000
18371.010638 15295.602325 1035.000004
18369.312467 15311.077607 1035.000001
18369.125870 15312.777285 1035.000000
18367.338238 15329.066133 1035.000000
18366.934646 15332.741792 1035.000000
18365.362526 15347.053176 1035.000000
18364.741211 15352.706300 1035.000000
18363.385196 15365.038599 1035.000000
18362.545562 15372.670807 1035.000000
18361.406245 15383.022400 1035.000000
18360.347695 15392.635315 1035.000000
18359.427452 15401.006359 1035.000014
18358.152352 15412.599823 1035.000000
18357.449942 15418.991602 1035.000000
18355.957704 15432.564330 1035.000000
18355.472377 15436.976789 1035.000000
18353.761008 15452.528838 1035.000000
18353.493315 15454.960478 1035.000000
18351.562262 15472.493345 1035.000000
18351.512753 15472.942667 1035.000000
18351.063830 15477.016490 1035.000000
18349.530691 15490.923353 1035.000000
18349.361461 15492.457853 1035.000000
18347.551793 15508.907207 1035.000006
18347.164903 15512.422360 1035.000000
18345.574412 15526.892580 1035.000000
18344.970249 15532.386868 1035.000000
18343.596255 15544.877174 1035.000000
18342.773702 15552.351375 1035.000000
18341.616713 15562.860384 1035.000000
18340.575261 15572.315883 1035.000000
18339.635786 15580.842206 1035.000000
18338.374923 15592.280390 1035.000000
18337.655763 15598.824934 1035.000023
18336.180479 15612.244898 1035.000000
18335.679420 15616.811345 1035.000000
18333.989176 15632.209406 1035.000000
18333.704766 15634.799446 1035.000000
18331.796130 15652.173913 1035.000000
18331.728837 15652.786271 1035.000000
18331.117021 15658.352997 1035.000000
18329.751631 15670.771819 1035.000000
18329.601339 15672.138421 1035.000000
18327.773148 15688.756088 1035.000000
18327.404800 15692.102928 1035.000000
18325.799464 15706.745160 1035.000014
18325.215722 15712.067436 1035.000000
18323.829407 15724.737862 1035.000000
18323.031043 15732.031943 1035.000000
18321.859624 15742.730839 1035.000000
18320.844762 15751.996451 1035.000000
18319.888668 15760.722642 1035.000000
18318.656878 15771.960958 1035.000000
18317.916538 15778.713270 1035.000000
18316.467389 15791.925466 1035.000000
18315.945516 15796.705007 1035.000022
18314.286910 15811.889973 1035.000000
18313.980589 15814.702843 1035.000000
18312.112148 15831.854481 1035.000000
18312.019518 15832.704540 1035.000000
18311.170213 15840.497366 1035.000000
18310.057708 15850.705497 1035.000003
18309.936335 15851.818988 1035.000004
18308.095089 15868.705644 1035.000009
18307.759382 15871.783496 1035.000010
18306.131406 15886.704726 1035.000015
18305.580977 15891.748004 1035.000017
18304.173649 15904.709739 1035.000047
18303.413077 15911.712511 1035.000024
18302.221795 15922.720660 1035.000027
18301.252257 15931.677019 1035.000031
18300.271635 15940.733278 1035.000034
18299.090118 15951.641526 1035.000031
18298.320507 15958.744926 1035.000028
18296.926657 15971.606034 1035.000023
18296.368408 15976.755603 1035.000021
18294.761875 15991.570541 1035.000014
18294.417234 15994.767205 1035.000032
18292.608922 16011.535049 1035.000006
18292.474452 16012.787206 1035.000005
18291.223404 16024.434582 1035.000000
18290.538347 16030.813891 1035.000000
18290.464708 16031.499556 1035.000000
18288.601893 16048.840227 1035.000000
18288.319951 16051.464064 1035.000000
18286.664570 16066.865692 1035.000000
18286.174012 16071.428571 1035.000000
18284.726377 16084.890287 1035.000000
18284.026892 16091.393079 1035.000000
18282.794730 16102.921434 1035.000040
18281.892830 16111.357587 1035.000000
18280.871132 16120.960636 1035.000000
18279.768467 16131.322094 1035.000000
18278.950861 16139.003169 1035.000000
18277.643031 16151.286602 1035.000000
18277.029798 16157.044909 1035.000000
18275.516523 16171.251109 1035.000000
18275.107944 16175.085857 1035.000000
18273.388941 16191.215617 1035.000000
18273.186625 16193.127341 1035.000013
18271.276596 16211.171223 1035.000000
18271.275744 16211.179271 1035.000000
18271.275653 16211.180124 1035.000000
18269.374004 16229.240351 1035.000000
18269.173446 16231.144632 1035.000000
18267.471545 16247.300712 1035.000000
18267.070268 16251.109139 1035.000000
18265.568366 16265.360352 1035.000000
18264.966117 16271.073647 1035.000000
18263.664468 16283.419272 1035.000000
18262.860993 16291.038154 1035.000000
18261.767654 16301.485283 1035.000056
18260.771398 16311.002662 1035.000000
18259.881063 16319.561526 1035.000000
18258.694341 16330.967169 1035.000000
18257.999616 16337.642917 1035.000000
18256.616402 16350.931677 1035.000000
18256.117514 16355.723652 1035.000000
18254.537579 16370.896185 1035.000000
18254.234755 16373.803730 1035.000000
18252.457873 16390.860692 1035.000000
18252.352143 16391.883955 1035.000008
18251.329787 16401.777320 1035.000058
18250.482300 16409.976960 1035.000005
18250.394620 16410.825200 1035.000000
18248.623306 16428.080824 1035.000000
18248.345181 16430.789707 1035.000000
18246.764274 16446.184650 1035.000000
18246.294933 16450.754215 1035.000000
18244.904639 16464.287873 1035.000000
18244.243876 16470.718722 1035.000000
18243.044401 16482.390492 1035.000000
18242.192011 16490.683230 1035.000000
18241.192177 16500.501132 1035.000076
18240.158674 16510.647737 1035.000000
18239.352794 16518.624625 1035.000000
18238.141503 16530.612245 1035.000000
18237.520666 16536.755378 1035.000000
18236.123596 16550.576752 1035.000000
18235.687986 16554.885580 1035.000000
18234.104953 16570.541260 1035.000000
18233.854755 16573.015230 1035.000000
18232.085574 16590.505768 1035.000000
18232.021582 16591.144938 1035.000006
18231.382979 16597.523134 1035.000065
18230.204576 16609.290827 1035.000010
18230.086454 16610.470275 1035.000000
18228.401775 16627.450933 1035.000000
18228.105692 16630.434783 1035.000000
18226.599495 16645.611562 1035.000000
18226.124264 16650.399290 1035.000000
18224.796714 16663.771689 1035.000000
18224.142170 16670.363798 1035.000000
18222.993431 16681.931314 1035.000000
18222.159409 16690.328305 1035.000000
18221.199698 16700.100497 1035.000095
18220.198567 16710.292813 1035.000000
18219.421866 16718.285595 1035.000000
18218.258332 16730.257320 1035.000000
18217.653452 16736.480119 1035.000000
18216.317499 16750.221828 1035.000000
18215.884585 16754.674189 1035.000000
18214.376067 16770.186335 1035.000000
18214.115264 16772.867806 1035.000000
18212.434036 16790.150843 1035.000000
18212.346460 16791.061940 1035.000009
18211.436170 16800.531418 1035.000096
18210.595328 16809.273762 1035.000005
18210.514378 16810.115350 1034.999997
18208.861516 16827.502920 1034.999991
18208.616519 16830.079858 1034.999990
18207.128187 16845.732560 1034.999985
18206.718144 16850.044366 1034.999984
18205.394463 16863.961805 1034.999980
18204.819251 16870.008873 1034.999978
18203.660346 16882.190656 1034.999974
18202.919841 16889.973381 1034.999972
18201.937611 16900.430901 1035.000072
18201.044545 16909.937888 1034.999966
18200.233234 16918.689519 1034.999964
18199.193626 16929.902396 1034.999967
18198.539329 16936.958619 1034.999970
18197.342245 16949.866903 1034.999975
18196.845071 16955.227365 1034.999977
18195.490401 16969.831411 1034.999983
18195.150458 16973.495756 1034.999985
18193.638095 16989.795918 1034.999991
18193.457814 16991.766118 1035.000014
18191.811071 17009.760426 1034.999999
18191.784439 17010.055765 1034.999999
18191.489362 17013.327911 1035.000000
18190.132420 17028.366787 1035.000000
18190.009865 17029.724933 1035.000000
18188.479979 17046.677388 1035.000000
18188.208125 17049.689441 1035.000000
18186.827242 17064.987692 1035.000000
18186.406002 17069.653949 1035.000000
18185.174209 17083.297699 1035.000000
18184.603494 17089.618456 1035.000000
18183.535341 17101.621885 1035.000099
18182.826834 17109.582964 1035.000000
18181.917388 17119.967005 1035.000000
18181.078239 17129.547471 1035.000000
18180.309588 17138.322285 1035.000000
18179.329304 17149.511979 1035.000000
18178.701523 17156.677301 1035.000000
18177.580028 17169.476486 1035.000000
18177.093193 17175.032051 1035.000000
18175.830411 17189.440994 1035.000000
18175.489415 17193.391358 1035.000046
18174.106942 17209.405501 1035.000000
18173.906217 17211.771262 1035.000000
18172.412898 17229.370009 1035.000000
18172.344761 17230.172929 1035.000000
18171.542553 17239.625726 1035.000000
18170.783068 17248.574357 1035.000000
18170.718549 17249.334516 1035.000000
18169.221136 17266.975547 1035.000000
18169.023896 17269.299024 1035.000000
18167.658965 17285.376498 1035.000000
18167.328938 17289.263531 1035.000000
18166.114485 17303.795155 1035.000074
18165.660402 17309.228039 1035.000000
18164.593278 17322.237105 1035.000000
18164.022681 17329.192547 1035.000000
18163.079674 17340.686666 1035.000000
18162.384684 17349.157054 1035.000000
18161.565854 17359.136010 1035.000000
18160.746414 17369.121562 1035.000000
18160.051817 17377.585138 1035.000000
18159.107869 17389.086069 1035.000000
18158.546219 17396.042710 1035.000082
18157.495931 17409.050577 1035.000000
18157.062955 17414.522638 1035.000000
18155.916151 17429.015084 1035.000000
18155.599060 17433.021952 1035.000000
18154.336122 17448.979592 1035.000000
18154.134967 17451.521067 1035.000000
18152.755843 17468.944099 1035.000000
18152.670675 17470.019984 1035.000000
18151.595745 17483.598240 1035.000000
18151.206185 17488.518702 1035.000000
18151.175315 17488.908607 1035.000000
18149.765332 17507.041077 1035.000028
18149.622861 17508.873114 1035.000000
18148.352311 17525.591310 1035.000000
18148.105579 17528.837622 1035.000000
18146.942127 17544.144383 1035.000000
18146.588070 17548.802130 1035.000000
18145.531761 17562.697273 1035.000000
18145.070333 17568.766637 1035.000000
18144.121212 17581.249980 1035.000000
18143.552369 17588.731145 1035.000000
18142.724568 17599.816604 1035.000132
18142.061480 17608.695652 1035.000000
18141.353281 17618.408607 1035.000000
18140.605756 17628.660160 1035.000000
18139.996486 17637.015116 1035.000000
18139.149819 17648.624667 1035.000000
18138.639519 17655.621453 1035.000000
18137.693669 17668.589175 1035.000000
18137.282380 17674.227617 1035.000000
18136.237306 17688.553682 1035.000000
18135.930550 17692.839095 1035.000051
18134.808136 17708.518190 1035.000000
18134.601987 17711.473861 1035.000000
18133.415586 17728.482697 1035.000000
18133.300290 17730.135517 1035.000000
18132.022833 17748.447205 1035.000000
18131.998429 17748.797008 1035.000000
18131.648936 17753.806364 1035.000000
18130.696402 17767.458333 1035.000000
18130.629878 17768.411713 1035.000000
18129.394210 17786.119493 1035.000000
18129.236721 17788.376220 1035.000000
18128.112892 17804.801546 1035.000059
18127.870722 17808.340728 1035.000000
18126.861428 17823.513479 1035.000000
18126.542656 17828.305235 1035.000000
18125.616140 17842.231593 1035.000000
18125.214394 17848.269743 1035.000000
18124.370691 17860.949547 1035.000000
18123.885937 17868.234250 1035.000000
18123.125081 17879.667339 1035.000000
18122.557285 17888.198758 1035.000000
18121.892372 17898.398044 1035.000122
18121.255710 17908.163265 1035.000000
18120.687114 17917.156224 1035.000000
18119.993367 17928.127773 1035.000000
18119.499834 17935.932398 1035.000000
18118.730833 17948.092280 1035.000000
18118.312394 17954.708412 1035.000000
18117.468109 17968.056788 1035.000000
18117.124796 17973.484268 1035.000000
18116.205194 17988.021295 1035.000000
18115.942847 17992.265778 1035.000054
18114.971133 18007.985803 1035.000000
18114.787001 18011.073413 1035.000000
18113.780450 18027.950311 1035.000000
18113.663367 18029.913290 1035.000000
18112.589575 18047.914818 1035.000000
18112.539573 18048.753007 1035.000000
18111.702128 18062.790411 1035.000000
18111.415411 18067.592354 1034.999998
18111.398276 18067.879326 1034.999998
18110.290492 18086.430945 1034.999991
18110.206117 18087.843833 1034.999990
18109.189487 18105.293471 1035.000033
18109.042958 18107.808341 1034.999983
18108.125503 18124.193050 1034.999977
18107.925039 18127.772848 1034.999976
18107.066791 18143.097906 1034.999970
18106.806948 18147.737356 1034.999969
18106.007932 18162.002615 1034.999964
18105.688685 18167.701863 1034.999962
18104.948928 18180.907179 1034.999958
18104.570251 18187.666371 1034.999956
18103.906612 18199.828446 1035.000107
18103.480829 18207.630878 1034.999950
18102.898505 18218.783952 1034.999947
18102.438404 18227.595386 1034.999944
18101.907768 18237.756844 1034.999941
18101.395806 18247.559894 1034.999939
18100.916883 18256.729587 1034.999936
18100.353035 18267.524401 1034.999933
18099.925849 18275.702181 1034.999932
18099.310090 18287.488909 1034.999938
18098.944684 18294.684652 1035.000033
18098.296219 18307.453416 1034.999947
18097.994414 18313.698047 1034.999950
18097.331268 18327.417924 1034.999956
18097.073944 18332.741268 1034.999958
18096.366143 18347.382431 1034.999964
18096.153323 18351.784337 1034.999966
18095.400844 18367.346939 1034.999972
18095.232550 18370.827255 1034.999973
18094.435370 18387.311446 1034.999980
18094.315190 18389.873589 1035.000013
18093.498838 18407.275954 1034.999987
18093.424699 18408.946815 1034.999988
18092.612905 18427.240461 1034.999994
18092.576432 18428.062303 1034.999994
18091.755319 18446.562473 1035.000000
18091.727991 18447.177617 1035.000000
18091.726776 18447.204969 1035.000000
18090.878762 18466.292142 1035.000000
18090.839780 18467.169476 1035.000000
18090.029404 18485.406537 1035.000000
18089.952637 18487.133984 1035.000000
18089.204031 18504.544939 1035.000058
18089.094228 18507.098492 1035.000000
18088.422726 18523.727449 1035.000000
18088.288019 18527.062999 1035.000000
18087.647728 18542.916270 1035.000000
18087.481666 18547.027507 1035.000000
18086.872601 18562.104964 1035.000000
18086.675168 18566.992014 1035.000000
18086.097347 18581.293529 1035.000000
18085.868526 18586.956522 1035.000000
18085.340691 18600.500710 1035.000151
18085.090460 18606.921029 1035.000000
18084.625224 18619.749115 1035.000000
18084.366382 18626.885537 1035.000000
18083.926428 18639.014206 1035.000000
18083.642164 18646.850044 1035.000000
18083.227506 18658.279171 1035.000000
18082.917805 18666.814552 1035.000000
18082.528457 18677.544010 1035.000000
18082.193306 18686.779059 1035.000000
18081.843497 18696.822950 1035.000128
18081.497947 18706.743567 1035.000000
18081.197610 18716.140998 1035.000000
18080.859857 18726.708075 1035.000000
18080.579244 18735.486590 1035.000000
18080.221636 18746.672582 1035.000000
18079.960758 18754.832063 1035.000000
18079.583283 18766.637090 1035.000000
18079.342151 18774.177415 1035.000000
18078.944798 18786.601597 1035.000000
18078.733105 18793.532336 1035.000087
18078.334959 18806.566105 1035.000000
18078.159461 18812.922690 1035.000000
18077.783722 18826.530612 1035.000000
18077.623013 18832.350274 1035.000000
18077.232365 18846.495120 1035.000000
18077.086456 18851.777748 1035.000000
18076.680889 18866.459627 1035.000000
18076.549788 18871.205112 1035.000000
18076.129295 18886.424135 1035.000000
18076.018660 18890.638020 1035.000050
18075.605086 18906.388642 1035.000000
18075.518446 18910.101869 1035.000000
18075.139216 18926.353150 1035.000000
18075.063191 18929.610718 1035.000000
18074.673242 18946.317657 1035.000000
18074.607839 18949.119470 1035.000000
18074.207164 18966.282165 1035.000000
18074.152390 18968.628124 1035.000000
18073.740982 18986.246673 1035.000000
18073.699379 18988.139219 1035.000022
18073.302068 19006.211180 1035.000000
18073.274265 19007.678235 1035.000000
18072.923670 19026.175688 1035.000000
18072.902906 19027.271054 1035.000000
18072.545184 19046.140195 1035.000000
18072.531464 19046.863790 1035.000000
18072.166610 19066.104703 1035.000000
18072.159939 19066.456443 1035.000000
18071.808511 19084.985215 1035.000000
18071.788332 19086.049013 1035.000000
18071.787949 19086.069210 1035.000000
18071.442714 19105.667596 1035.000010
18071.436263 19106.033718 1035.000000
18071.156447 19125.345583 1035.000000
18071.146989 19125.998225 1035.000000
18070.871244 19145.024634 1035.000000
18070.857646 19145.962733 1035.000000
18070.585974 19164.703619 1035.000000
18070.568234 19165.927240 1035.000000
18070.300639 19184.382538 1035.000000
18070.278753 19185.891748 1035.000000
18070.039121 19204.085296 1035.000049
18070.015792 19205.856256 1035.000000
18069.836504 19223.847007 1035.000000
18069.816832 19225.820763 1035.000000
18069.639467 19243.614303 1035.000000
18069.617825 19245.785271 1035.000000
18069.442384 19263.381552 1035.000000
18069.418769 19265.749778 1035.000000
18069.245254 19283.148754 1035.000000
18069.219665 19285.714286 1035.000000
18069.070380 19302.938233 1035.000078
18069.046624 19305.678793 1035.000000
18068.954601 19322.786859 1035.000000
18068.939234 19325.643301 1035.000000
18068.847764 19342.644434 1035.000000
18068.831818 19345.607808 1035.000000
18068.740902 19362.501985 1035.000000
18068.724377 19365.572316 1035.000000
18068.634014 19382.359510 1035.000000
18068.616909 19385.536823 1035.000000
18068.548443 19402.238370 1035.000095
18068.535065 19405.501331 1035.000000
18068.523018 19422.177430 1035.000000
18068.520642 19425.465839 1035.000000
18068.508602 19442.127509 1035.000000
18068.506215 19445.430346 1035.000000
18068.494182 19462.077584 1035.000000
18068.491784 19465.394854 1035.000000
18068.479760 19482.027656 1035.000000
18068.477351 19485.359361 1035.000000
18068.486817 19501.999227 1035.000102
18068.488708 19505.323869 1035.000000
18068.557597 19522.034578 1035.000000
18068.571012 19525.288376 1035.000000
18068.640257 19542.081819 1035.000000
18068.653334 19545.252884 1035.000000
18068.722937 19562.129080 1035.000000
18068.735676 19565.217391 1035.000000
18068.805637 19582.176361 1035.000000
18068.818037 19585.181899 1035.000000
18068.909852 19602.245176 1035.000091
18068.925465 19605.146406 1035.000000
18069.080483 19622.380466 1035.000000
18069.105046 19625.110914 1035.000000
18069.261733 19642.526384 1035.000000
18069.284669 19645.075421 1035.000000
18069.443024 19662.672344 1035.000000
18069.464333 19665.039929 1035.000000
18069.624358 19682.818346 1035.000000
18069.644038 19685.004437 1035.000000
18069.828109 19702.986785 1035.000064
18069.848401 19704.968944 1035.000000
18070.103279 19723.226707 1035.000000
18070.127108 19724.933452 1035.000000
18070.385995 19743.474181 1035.000000
18070.405877 19744.897959 1035.000000
18070.668775 19763.721720 1035.000000
18070.684709 19764.862467 1035.000000
18070.951621 19783.969324 1035.000000
18070.963603 19784.826974 1035.000000
18071.258353 19804.240836 1035.000018
18071.266714 19804.791482 1035.000000
18071.643246 19824.590578 1035.000000
18071.646392 19824.755989 1035.000000
18071.808511 19833.279335 1035.000000
18072.026151 19844.720497 1035.000000
18072.030375 19844.942558 1035.000000
18072.405991 19864.685004 1035.000000
18072.417591 19865.294625 1035.000000
18072.785912 19884.649512 1035.000000
18072.806098 19885.647985 1035.000010
18073.189580 19904.614020 1035.000000
18073.223811 19906.030576 1035.000000
18073.672073 19924.578527 1035.000000
18073.718273 19926.489984 1035.000000
18074.154662 19944.543035 1035.000000
18074.212838 19946.949496 1035.000000
18074.637348 19964.507542 1035.000000
18074.707508 19967.409112 1035.000000
18075.120131 19984.472050 1035.000000
18075.206361 19987.872915 1035.000034
18075.626379 20004.436557 1035.000000
18075.742362 20008.373900 1035.000000
18076.214516 20024.401065 1035.000000
18076.348388 20028.944970 1035.000000
18076.802745 20044.365572 1035.000000
18076.954515 20049.516143 1035.000000
18077.391067 20064.330080 1035.000000
18077.560744 20070.087417 1035.000000
18077.979482 20084.294587 1035.000000
18078.173476 20090.665200 1035.000054
18078.587457 20104.259095 1035.000000
18078.826644 20111.283456 1035.000000
18079.267290 20124.223602 1035.000000
18079.530490 20131.952433 1035.000000
18079.947186 20144.188110 1035.000000
18080.234404 20152.621480 1035.000000
18080.627143 20164.152618 1035.000000
18080.938388 20173.290596 1035.000000
18081.307163 20184.117125 1035.000000
18081.651795 20193.969143 1035.000078
18082.005552 20204.081633 1035.000000
18082.414800 20214.697333 1035.000000
18082.775212 20224.046140 1035.000000
18083.215361 20235.463112 1035.000000
18083.544890 20244.010648 1035.000000
18084.015940 20256.228909 1035.000000
18084.314585 20263.975155 1035.000000
18084.816539 20276.994726 1035.000000
18085.084296 20283.939663 1035.000000
18085.629535 20297.772950 1035.000102
18085.871197 20303.904170 1035.000000
18086.502920 20318.611618 1035.000000
18086.728718 20323.868678 1035.000000
18087.398926 20339.472927 1035.000000
18087.586196 20343.833185 1035.000000
18088.294883 20360.334187 1035.000000
18088.443631 20363.797693 1035.000000
18089.190791 20381.195397 1035.000000
18089.301022 20383.762201 1035.000000
18090.102041 20402.071963 1035.000050
18090.174431 20403.726708 1035.000000
18091.086082 20423.021385 1035.000000
18091.117729 20423.691216 1035.000000
18091.755319 20437.186954 1035.000000
18092.061215 20443.655723 1035.000003
18092.076412 20443.977100 1035.000003
18093.005235 20463.620231 1035.000011
18093.067324 20464.933400 1035.000011
18093.949161 20483.584738 1035.000019
18094.059942 20485.891406 1035.000035
18094.907942 20503.549246 1035.000028
18095.079220 20506.876096 1035.000030
18095.935712 20523.513753 1035.000038
18096.162783 20527.925128 1035.000040
18096.963295 20543.478261 1035.000048
18097.246128 20548.973942 1035.000050
18097.990692 20563.442768 1035.000058
18098.329254 20570.022536 1035.000061
18099.017903 20583.407276 1035.000068
18099.417650 20591.076406 1035.000117
18100.058475 20603.371783 1035.000077
18100.546394 20612.170659 1035.000074
18101.165474 20623.336291 1035.000071
18101.718286 20633.308098 1035.000067
18102.272183 20643.300799 1035.000064
18102.889832 20654.445191 1035.000060
18103.378601 20663.265306 1035.000057
18104.061034 20675.581940 1035.000052
18104.484728 20683.229814 1035.000050
18105.240618 20696.727079 1035.000116
18105.602755 20703.194321 1035.000042
18106.474791 20717.926854 1035.000036
18106.784425 20723.158829 1035.000034
18107.730523 20739.148207 1035.000028
18107.965692 20743.123336 1035.000026
18108.985770 20760.369076 1035.000019
18109.146557 20763.087844 1035.000018
18110.240535 20781.589462 1035.000010
18110.327019 20783.052351 1035.000010
18111.506680 20802.821238 1035.000007
18111.518352 20803.016859 1035.000001
18111.702128 20805.941745 1035.000000
18112.773428 20822.981366 1035.000000
18112.845354 20824.125608 1035.000000
18114.028141 20842.945874 1035.000000
18114.184237 20845.430186 1035.000000
18115.282339 20862.910382 1035.000000
18115.522494 20866.734138 1035.000000
18116.536022 20882.874889 1035.000000
18116.863036 20888.040377 1035.000024
18117.799727 20902.839397 1035.000000
18118.234251 20909.377316 1035.000000
18119.126391 20922.803904 1035.000000
18119.655166 20930.763999 1035.000000
18120.452401 20942.768412 1035.000000
18121.075276 20952.149877 1035.000000
18121.777756 20962.732919 1035.000000
18122.494583 20973.534951 1035.000000
18123.102459 20982.697427 1035.000000
18123.918899 20994.925038 1035.000047
18124.435362 21002.661934 1035.000000
18125.389033 21016.360984 1035.000000
18125.825083 21022.626442 1035.000000
18126.882162 21037.819946 1035.000000
18127.214007 21042.590949 1035.000000
18128.374302 21059.277917 1035.000000
18128.602134 21062.555457 1035.000000
18129.865455 21080.734901 1035.000000
18129.989467 21082.519965 1035.000000
18131.363206 21102.198488 1035.000006
18131.383164 21102.484472 1035.000000
18131.648936 21106.160047 1035.000000
18132.826367 21122.448980 1035.000000
18132.918168 21123.719338 1035.000000
18134.268636 21142.413487 1035.000000
18134.472738 21145.239794 1035.000000
18135.709972 21162.377995 1035.000000
18136.026139 21166.759081 1035.000000
18137.150375 21182.342502 1035.000000
18137.580653 21188.279482 1035.000018
18138.596953 21202.307010 1035.000000
18139.162049 21209.826789 1035.000000
18140.096906 21222.271517 1035.000000
18140.783439 21231.414125 1035.000000
18141.595778 21242.236025 1035.000000
18142.403461 21253.000093 1035.000000
18143.093569 21262.200532 1035.000000
18144.022119 21274.584694 1035.000000
18144.590280 21282.165040 1035.000000
18145.644156 21296.172678 1035.000038
18146.092163 21302.129547 1035.000000
18147.311783 21317.806292 1035.000000
18147.645230 21322.094055 1035.000000
18148.994787 21339.455297 1035.000000
18149.197069 21342.058563 1035.000000
18150.676226 21361.102736 1035.000000
18150.747680 21362.023070 1035.000000
18151.595745 21372.948795 1035.000000
18152.297066 21381.987578 1035.000000
18152.356320 21382.748828 1035.000002
18153.850482 21401.952085 1035.000000
18154.047276 21404.405792 1035.000000
18155.451092 21421.916593 1035.000000
18155.787262 21426.111829 1035.000000
18157.050334 21441.881100 1035.000000
18157.525489 21447.816107 1035.000000
18158.648209 21461.845608 1035.000000
18159.261961 21469.518627 1035.000000
18160.244718 21481.810115 1035.000000
18160.999201 21491.221916 1035.000020
18161.844780 21501.774623 1035.000000
18162.768635 21512.957427 1035.000000
18163.493792 21521.739130 1035.000000
18164.565170 21534.720064 1035.000000
18165.141294 21541.703638 1035.000000
18166.359751 21556.480744 1035.000000
18166.787286 21561.668146 1035.000000
18168.152379 21578.239471 1035.000000
18168.431771 21581.632653 1035.000000
18169.947680 21600.000872 1035.000037
18170.079359 21601.597161 1035.000000
18171.542553 21618.789627 1035.000000
18171.778357 21621.561668 1035.000000
18171.800300 21621.819644 1035.000000
18173.475698 21641.526176 1035.000000
18173.655390 21643.640887 1035.000000
18175.171384 21661.490683 1035.000000
18175.508318 21665.459967 1035.000000
18176.865417 21681.455191 1035.000000
18177.360462 21687.278262 1035.000011
18178.562100 21701.419698 1035.000000
18179.237877 21709.121851 1035.000000
18180.313206 21721.384206 1035.000000
18181.156563 21731.006747 1035.000000
18182.062506 21741.348713 1035.000000
18183.072872 21752.889263 1035.000000
18183.810002 21761.313221 1035.000000
18184.986808 21774.769405 1035.000000
18185.555697 21781.277728 1035.000000
18186.901698 21796.650502 1035.000027
18187.303531 21801.242236 1035.000000
18188.872052 21818.587111 1035.000000
18189.108820 21821.206744 1035.000000
18190.854812 21840.536139 1035.000000
18190.912150 21841.171251 1035.000000
18191.489362 21847.566093 1035.000000
18192.716727 21861.135759 1035.000028
18192.838844 21862.486439 1035.000031
18194.520819 21881.100266 1035.000069
18194.822685 21884.436547 1035.000081
18196.326370 21901.064774 1035.000110
18196.825462 21906.405609 1035.000121
18198.191220 21921.029281 1035.000152
18198.881794 21928.428273 1035.000167
18200.053891 21940.993789 1035.000191
18200.935202 21950.448011 1035.000175
18201.914386 21960.958296 1035.000159
18202.985694 21972.464830 1035.000140
18203.772709 21980.922804 1035.000127
18205.035489 21994.480951 1035.000123
18205.631816 22000.887311 1035.000096
18207.138598 22016.550434 1035.000070
18207.552135 22020.851819 1035.000064
18209.261069 22038.639295 1035.000035
18209.470099 22040.816327 1035.000032
18211.380356 22060.724970 1035.000001
18211.385713 22060.780834 1035.000001
18211.436170 22061.307033 1035.000000
18213.302365 22080.745342 1035.000000
18213.500888 22082.811891 1035.000002
18215.219172 22100.709849 1035.000000
18215.636568 22104.913974 1035.000000
18217.200270 22120.674357 1035.000000
18217.835271 22127.079135 1035.000000
18219.178765 22140.638864 1035.000000
18220.030414 22149.240734 1035.000000
18221.154661 22160.603372 1035.000000
18222.222008 22171.398779 1035.000000
18223.127965 22180.567879 1035.000000
18224.411447 22193.554669 1035.000011
18225.100600 22200.532387 1035.000000
18226.657562 22215.767284 1035.000000
18227.140582 22220.496894 1035.000000
18228.927097 22238.003341 1035.000000
18229.177768 22240.461402 1035.000000
18231.192778 22260.235540 1035.000000
18231.212163 22260.425909 1035.000000
18231.382979 22262.103451 1035.000000
18233.243774 22280.390417 1035.000000
18233.454768 22282.464044 1035.000001
18235.273939 22300.354925 1035.000000
18235.732299 22304.708104 1035.000000
18237.374894 22320.319432 1035.000000
18238.079560 22327.021955 1035.000000
18239.472858 22340.283940 1035.000000
18240.422649 22349.331631 1035.000000
18241.567837 22360.248447 1035.000000
18242.761577 22371.637142 1035.000000
18243.659838 22380.212955 1035.000000
18245.096891 22393.939036 1035.000004
18245.749560 22400.177462 1035.000000
18247.498138 22416.306921 1035.000000
18247.913586 22420.141970 1035.000000
18249.922025 22438.697466 1035.000000
18250.074424 22440.106477 1035.000000
18251.329787 22451.718612 1035.000000
18252.232080 22460.070985 1035.000000
18252.341425 22461.083520 1035.000000
18254.386562 22480.035492 1035.000000
18254.756351 22483.465097 1035.000000
18256.537877 22500.000000 1035.000000
18257.191804 22505.867218 1035.000000
18258.761803 22519.964508 1035.000000
18259.693255 22528.335396 1035.000000
18260.982320 22539.929015 1035.000000
18262.189854 22550.798718 1035.000000
18263.199438 22559.893523 1035.000000
18264.681618 22573.257201 1035.000000
18265.413163 22579.858030 1035.000000
18267.168562 22595.710859 1035.000000
18267.623504 22599.822538 1035.000000
18269.717904 22618.226971 1035.000000
18269.895297 22619.787045 1035.000000
18271.276596 22631.938357 1035.000000
18272.164052 22639.751553 1035.000000
18272.277838 22640.753684 1035.000000
18274.429195 22659.716060 1035.000000
18274.832637 22663.275257 1035.000000
18276.690734 22679.680568 1035.000000
18277.382267 22685.791657 1035.000000
18278.948679 22699.645075 1035.000000
18279.960262 22708.336447 1035.000006
18281.271257 22719.609583 1035.000000
18282.587259 22730.930282 1035.000000
18283.591253 22739.574091 1035.000000
18285.209519 22753.519376 1035.000000
18285.907439 22759.538598 1035.000000
18287.826271 22776.102958 1035.000000
18288.219824 22779.503106 1035.000000
18290.437535 22798.681046 1035.000000
18290.528418 22799.467613 1035.000000
18291.223404 22805.302865 1035.000013
18292.909602 22819.432121 1035.000043
18293.138363 22821.348778 1035.000049
18295.290529 22839.396628 1035.000103
18295.841112 22844.018433 1035.000117
18297.667222 22859.361136 1035.000161
18298.537669 22866.681890 1035.000181
18300.039692 22879.325643 1035.000215
18301.228058 22889.339174 1035.000190
18302.407952 22899.290151 1035.000166
18303.966484 22912.044537 1035.000144
18304.846730 22919.254658 1035.000118
18306.743340 22934.788365 1035.000081
18307.283834 22939.219166 1035.000071
18309.514793 22957.526784 1035.000030
18309.716517 22959.183673 1035.000026
18311.170213 22971.131153 1035.000000
18312.146677 22979.148181 1035.000000
18312.282174 22980.261129 1035.000000
18314.575106 22999.112689 1035.000000
18315.063792 23003.009723 1035.000026
18317.076705 23019.077196 1035.000000
18317.923832 23025.836808 1035.000000
18319.577101 23039.041704 1035.000000
18320.780001 23048.660018 1035.000000
18322.072687 23059.006211 1035.000000
18323.628996 23071.476049 1035.000000
18324.563476 23078.970719 1035.000000
18326.470848 23094.284931 1035.000000
18327.049483 23098.935226 1035.000000
18329.388349 23117.169527 1035.000004
18329.610062 23118.899734 1035.000000
18331.117021 23130.646974 1035.000000
18332.170123 23138.864241 1035.000000
18332.325000 23140.073292 1035.000000
18334.725205 23158.828749 1035.000000
18335.254583 23162.969982 1035.000000
18337.275322 23178.793256 1035.000000
18338.176684 23185.859184 1035.000000
18339.820489 23198.757764 1035.000000
18341.137866 23208.787500 1035.000024
18342.441490 23218.722272 1035.000000
18344.155458 23231.772277 1035.000000
18345.062708 23238.686779 1035.000000
18347.168282 23254.752283 1035.000000
18347.678793 23258.651287 1035.000000
18350.173301 23277.724475 1035.000000
18350.289759 23278.615794 1035.000000
18351.063830 23284.542168 1035.000000
18352.895622 23298.580302 1035.000000
18353.180781 23300.699131 1035.000053
18355.580145 23318.544809 1035.000000
18356.283427 23323.769038 1035.000000
18358.265805 23338.509317 1035.000000
18359.384560 23346.837430 1035.000000
18360.946199 23358.473824 1035.000000
18362.477582 23369.897704 1035.000000
18363.621341 23378.438332 1035.000000
18365.562530 23392.949897 1035.000000
18366.291248 23398.402839 1035.000000
18368.728132 23416.082816 1035.000008
18369.042708 23418.367347 1035.000000
18371.010638 23432.631403 1035.000000
18371.796328 23438.331854 1035.000000
18371.922013 23439.244038 1035.000000
18374.544570 23458.296362 1035.000000
18375.108503 23462.397863 1035.000000
18377.287450 23478.260870 1035.000000
18378.286639 23485.543326 1035.000000
18380.024983 23498.225377 1035.000000
18381.510897 23508.734953 1035.000038
18382.846401 23518.189885 1035.000000
18384.799627 23531.991109 1035.000000
18385.671044 23538.154392 1035.000000
18388.084508 23555.243412 1035.000000
18388.490217 23558.118900 1035.000000
18390.957447 23575.622834 1035.000000
18391.304708 23578.083407 1035.000007
18391.361820 23578.488139 1035.000008
18394.119065 23598.047915 1035.000064
18394.657287 23601.751038 1035.000149
18397.018360 23618.012422 1035.000120
18398.051576 23625.112846 1035.000139
18399.921590 23637.976930 1035.000172
18401.445793 23648.474582 1035.000149
18402.818936 23657.941437 1035.000125
18404.830603 23671.826903 1035.000092
18405.710416 23677.905945 1035.000078
18408.206050 23695.169853 1035.000040
18408.596048 23697.870453 1035.000034
18410.904255 23713.399783 1035.000022
18411.563819 23717.834960 1035.000000
18411.679597 23718.610989 1035.000000
18414.539383 23737.799468 1035.000000
18415.175781 23742.074784 1035.000000
18417.508747 23757.763975 1035.000000
18418.661914 23765.528517 1035.000000
18420.471930 23777.728483 1035.000000
18422.138044 23788.972239 1035.000000
18423.428952 23797.692990 1035.000000
18425.676529 23812.478371 1035.000027
18426.463022 23817.657498 1035.000000
18429.259536 23836.029066 1035.000000
18429.501766 23837.622005 1035.000000
18430.851064 23846.499918 1035.000000
18432.534331 23857.586513 1035.000000
18432.835728 23859.572938 1035.000000
18435.560735 23877.551020 1035.000000
18436.401824 23883.106706 1035.000000
18438.580997 23897.515528 1035.000000
18440.004082 23906.676667 1035.000062
18441.680604 23917.480035 1035.000000
18443.678464 23930.318817 1035.000000
18444.786211 23937.444543 1035.000000
18447.350437 23953.958556 1035.000000
18447.885686 23957.409051 1035.000000
18450.797872 23976.203178 1035.000000
18450.979046 23977.373558 1035.000000
18451.012260 23977.588136 1035.000000
18454.066310 23997.338066 1035.000000
18454.683104 24001.226745 1035.000098
18457.230484 24017.302573 1035.000000
18458.447182 24024.958670 1035.000000
18460.401346 24037.267081 1035.000000
18462.213276 24048.692614 1035.000000
18463.566144 24057.231588 1035.000000
18465.969206 24072.416384 1035.000000
18466.724895 24077.196096 1035.000000
18469.715018 24096.130027 1035.000000
18469.877616 24097.160603 1035.000000
18470.744681 24102.528869 1035.000088
18473.100027 24117.125111 1035.000000
18473.555384 24119.938309 1035.000000
18476.329006 24137.089618 1035.000000
18477.406008 24143.756857 1035.000000
18479.552017 24157.054126 1035.000000
18481.246514 24167.565278 1035.000000
18482.769078 24177.018634 1035.000000
18485.076949 24191.363619 1035.000000
18485.980203 24196.983141 1035.000000
18488.982051 24215.236693 1035.000011
18489.263170 24216.947649 1035.000000
18490.691489 24225.608187 1035.000000
18492.557682 24236.912156 1035.000034
18492.926807 24239.149457 1035.000041
18495.848833 24256.876664 1035.000093
18496.866429 24263.057083 1035.000110
18499.133839 24276.841171 1035.000148
18500.795514 24286.954161 1035.000149
18502.412716 24296.805679 1035.000123
18504.779338 24310.906027 1035.000128
18505.762697 24316.770186 1035.000071
18508.814501 24334.909279 1035.000026
18509.121342 24336.734694 1035.000022
18510.638298 24345.763566 1035.000000
18512.476610 24356.699201 1035.000000
18512.848201 24358.911066 1035.000000
18515.827845 24376.663709 1035.000000
18516.874255 24382.905199 1035.000000
18519.172822 24396.628217 1035.000000
18520.933851 24406.932905 1035.000068
18522.583177 24416.592724 1035.000000
18525.054649 24431.021867 1035.000000
18526.001911 24436.557232 1035.000000
18529.173122 24455.108502 1035.000000
18529.414488 24456.521739 1035.000000
18530.585106 24463.378467 1035.000000
18532.820926 24476.486247 1035.000000
18533.280819 24479.184352 1035.000000
18536.221242 24496.450754 1035.000000
18537.405599 24503.277298 1035.000093
18539.682946 24516.415262 1035.000000
18541.600011 24527.439940 1035.000000
18543.153191 24536.379769 1035.000000
18545.795333 24551.603492 1035.000000
18546.617401 24556.344277 1035.000000
18549.979986 24575.756366 1035.000000
18550.075593 24576.308784 1035.000000
18550.531915 24578.945770 1035.000000
18553.527782 24596.273292 1035.000000
18554.169037 24599.913642 1035.000121
18557.042139 24616.237799 1035.000000
18558.439991 24624.152892 1035.000000
18560.566200 24636.202307 1035.000000
18562.715862 24648.397065 1035.000000
18564.084344 24656.166815 1035.000000
18566.981158 24672.630654 1035.000000
18567.596585 24676.131322 1035.000000
18570.478723 24692.539225 1035.000000
18571.102937 24696.095830 1035.000000
18571.239149 24696.856930 1035.000026
18574.673117 24716.060337 1035.000000
18575.591661 24721.177811 1035.000000
18578.254419 24736.024845 1035.000000
18579.953515 24745.508043 1035.000000
18581.829919 24755.989352 1035.000000
18584.304884 24769.827781 1035.000000
18585.399630 24775.953860 1035.000000
18588.645814 24794.137070 1035.000000
18588.963565 24795.918367 1035.000000
18590.425532 24803.956330 1035.000108
18592.597671 24815.882875 1035.000045
18593.084530 24818.544232 1035.000055
18596.247306 24835.847382 1035.000119
18597.549274 24842.977446 1035.000145
18599.890954 24855.811890 1035.000191
18602.003060 24867.399691 1035.000154
18603.528629 24875.776398 1035.000125
18606.445936 24891.811017 1035.000071
18607.160347 24895.740905 1035.000058
18610.372340 24913.076286 1035.000026
18610.859960 24915.705413 1035.000000
18610.971825 24916.305429 1035.000000
18614.579080 24935.669920 1035.000000
18615.541961 24940.844127 1035.000000
18618.292047 24955.634428 1035.000000
18620.100687 24965.371407 1035.000000
18621.998877 24975.598935 1035.000000
18624.648056 24989.887318 1035.000000
18625.699585 24995.563443 1035.000000
18629.361587 25014.569538 1035.000021
18629.546097 25015.527950 1035.000000
18630.319149 25019.499416 1035.000000
18633.429667 25035.492458 1035.000000
18634.180777 25039.357512 1035.000000
18637.306878 25055.456965 1035.000000
18638.990393 25064.135903 1035.000000
18641.177743 25075.421473 1035.000000
18643.787901 25088.902176 1035.000000
18645.042280 25095.385980 1035.000000
18648.810990 25113.894230 1035.000045
18649.107273 25115.350488 1035.000000
18650.265957 25120.961364 1035.000000
18653.227616 25135.314996 1035.000000
18653.997711 25139.050060 1035.000000
18657.341112 25155.279503 1035.000000
18659.176455 25164.197907 1035.000000
18661.447776 25175.244011 1035.000000
18664.341574 25189.332116 1035.000000
18665.547627 25195.208518 1035.000000
18669.736183 25214.696020 1035.000015
18669.838622 25215.173026 1035.000000
18670.212766 25216.890338 1035.000000
18674.184853 25235.137533 1035.000000
18675.289958 25240.219231 1035.000000
18678.523763 25255.102041 1035.000000
18680.830367 25265.729063 1035.000000
18682.855371 25275.066548 1035.000000
18686.355576 25291.223682 1035.000000
18687.179694 25295.031056 1035.000000
18690.159574 25308.229187 1035.000212
18691.689626 25314.995563 1035.000036
18692.145079 25316.982830 1035.000047
18696.261547 25334.960071 1035.000143
18698.073128 25342.880647 1035.000184
18700.825352 25354.924579 1035.000209
18703.983498 25368.760769 1035.000136
18705.381062 25374.889086 1035.000105
18709.876286 25394.623292 1035.000005
18709.928699 25394.853594 1035.000004
18710.106383 25395.604451 1035.000068
18714.658831 25414.818101 1035.000000
18716.096630 25420.813663 1035.000000
18719.443409 25434.782609 1035.000000
18722.383962 25447.071081 1035.000000
18724.219078 25454.747116 1035.000000
18728.651084 25473.308272 1035.000000
18728.985863 25474.711624 1035.000000
18730.053191 25479.186962 1035.000000
18733.743789 25494.676131 1035.000000
18734.953291 25499.580579 1035.000422
18738.663831 25514.640639 1035.000000
18741.525013 25526.122639 1035.000000
18743.636777 25534.605146 1035.000000
18748.137287 25552.705288 1035.000000
18748.600419 25554.569654 1035.000000
18750.000000 25560.205736 1035.000000
18753.554784 25574.534161 1035.000000
18754.727683 25579.266039 1035.000000
18758.499897 25594.498669 1035.000000
18761.416824 25605.925624 1035.000260
18763.594140 25614.463177 1035.000000
18768.319697 25632.799129 1035.000000
18768.739016 25634.427684 1035.000000
18769.946809 25639.119910 1035.000000
18773.874255 25654.392192 1035.000000
18775.233748 25659.683822 1035.000000
18778.999884 25674.356699 1035.000000
18782.124380 25686.545076 1035.000000
18784.115931 25694.321207 1035.000000
18789.185064 25713.576533 1035.000021
18789.371587 25714.285714 1035.000000
18789.893617 25716.248615 1035.000000
18794.692240 25734.250222 1035.000159
18796.435571 25740.797980 1035.000216
18800.004297 25754.214729 1035.000331
18803.666041 25767.999373 1035.000207
18805.306066 25774.179237 1035.000151
18809.840426 25791.284695 1035.000000
18810.600056 25794.143744 1035.000000
18810.885267 25795.189513 1035.000075
18816.039755 25814.108252 1035.000000
18818.394268 25822.669684 1035.000000
18821.527117 25834.072760 1035.000000
18825.951107 25850.197736 1035.000000
18827.003448 25854.037267 1035.000000
18829.787234 25864.201248 1035.000000
18832.468779 25874.001775 1035.000000
18833.479141 25877.696957 1035.000000
18837.923145 25893.966282 1035.000000
18841.082040 25905.271110 1035.000254
18843.499355 25913.930790 1035.000000
18848.881705 25933.042204 1035.000000
18849.121718 25933.895297 1035.000000
18849.734043 25936.072056 1035.000000
18854.732678 25953.859805 1035.000000
18856.685394 25960.817324 1035.000000
18860.332271 25973.824312 1035.000000
18864.458554 25988.561889 1035.000000
18865.920529 25993.788820 1035.000000
18869.680851 26006.947588 1035.000199
18871.623706 26013.753327 1035.000000
18872.411282 26016.486181 1035.000000
18877.372132 26033.717835 1035.000000
18880.479138 26044.525703 1035.000000
18883.108751 26053.682343 1035.000000
18888.514398 26072.532601 1035.000000
18888.833601 26073.646850 1035.000000
18889.627660 26076.419241 1035.000000
18894.568528 26093.611358 1035.000224
18896.619956 26100.609858 1035.000697
18900.416568 26113.575865 1035.000448
18904.941860 26128.903654 1035.000226
18906.309318 26133.540373 1035.000159
18909.574468 26144.621008 1035.000000
18912.201929 26153.504880 1035.000000
18913.305673 26157.239396 1035.000000
18918.097257 26173.469388 1035.000000
18921.664140 26185.569787 1035.000000
18923.979751 26193.433895 1035.000000
18929.521277 26211.863098 1035.000051
18929.982421 26213.398403 1035.000000
18930.183703 26214.061417 1035.000000
18936.036856 26233.362910 1035.000000
18938.869744 26242.719673 1035.000000
18942.077809 26253.327418 1035.000000
18947.516053 26271.338161 1035.000000
18948.105325 26273.291925 1035.000000
18949.468085 26277.811861 1035.000000
18954.119449 26293.256433 1035.000000
18956.194415 26299.988731 1035.000514
18960.268106 26313.220941 1035.000000
18965.152232 26328.919004 1035.000000
18966.478132 26333.185448 1035.000000
18969.414894 26342.642701 1035.000000
18972.673991 26353.149956 1035.000000
18974.139463 26357.878717 1035.000000
18978.855734 26373.114463 1035.000000
18983.083737 26386.795435 1035.000000
18985.023407 26393.078971 1035.000000
18989.361702 26406.823107 1035.000250
18991.333921 26413.043478 1035.000114
18992.266587 26415.950940 1035.000169
18997.731714 26433.007986 1035.000485
19001.672859 26445.330067 1035.000505
19004.114348 26452.972493 1035.000343
19009.308511 26469.254519 1035.000000
19010.489418 26472.937001 1035.000000
19011.047344 26474.677377 1035.000000
19016.882582 26492.901508 1035.000000
19020.553136 26504.156111 1035.000322
19023.390298 26512.866016 1035.000000
19029.255319 26530.704048 1035.000000
19029.953628 26532.830524 1035.000000
19030.295421 26533.871549 1035.000000
19036.500807 26552.795031 1035.000000
19040.031045 26563.580318 1035.000000
19043.031893 26572.759539 1035.000000
19049.202128 26591.666165 1035.000000
19049.546947 26592.724046 1035.000000
19049.718206 26593.240583 1035.000030
19056.158202 26612.688554 1035.000000
19059.647215 26623.142909 1035.000000
19062.817107 26632.653061 1035.000000
19069.148936 26651.683775 1035.000000
19069.459233 26652.617569 1035.000000
19069.613844 26653.082889 1035.000000
19076.084642 26672.582076 1035.000000
19079.524256 26682.966602 1035.000000
19082.693397 26692.546584 1035.000000
19089.095745 26711.657533 1035.000025
19089.382749 26712.511091 1035.000015
19089.530198 26712.945931 1035.000022
19096.143820 26732.475599 1035.000363
19099.746814 26743.136119 1035.000548
19102.887224 26752.440106 1035.000381
19109.042553 26770.709217 1035.000000
19109.616437 26772.404614 1035.000000
19109.910414 26773.273245 1035.000000
19116.364618 26792.369122 1035.000000
19120.165738 26803.502176 1035.000233
19123.176977 26812.333629 1035.000000
19128.989362 26829.283757 1035.000000
19130.021623 26832.298137 1035.000000
19130.559683 26833.869851 1035.000000
19136.847726 26852.262644 1035.000000
19140.922644 26864.206515 1035.000000
19143.655361 26872.227152 1035.000000
19148.936170 26887.751286 1035.000000
19150.444602 26892.191659 1035.000000
19151.232861 26894.490388 1035.000081
19157.282349 26912.156167 1035.000000
19161.662446 26924.893735 1035.000000
19164.144157 26932.120674 1035.000000
19168.882979 26945.940618 1035.000000
19170.987026 26952.085182 1035.000000
19172.083083 26955.288125 1035.000000
19177.811036 26972.049689 1035.000000
19182.437432 26985.616169 1035.000000
19184.616263 26992.014197 1035.000000
19188.829787 27004.267396 1035.000203
19191.488458 27011.978705 1035.000112
19192.903172 27016.055704 1035.000172
19198.408212 27031.943212 1035.000403
19203.476778 27046.603199 1035.000283
19205.308144 27051.907720 1035.000185
19208.776596 27061.965106 1035.000000
19212.205680 27071.872227 1035.000000
19214.020224 27077.120508 1035.000000
19219.100824 27091.836735 1035.000000
19224.624009 27107.698209 1035.000112
19226.050631 27111.801242 1035.000000
19228.723404 27119.438144 1035.000000
19233.031396 27131.765750 1035.000000
19235.343685 27138.391905 1035.000000
19239.991351 27151.730257 1035.000000
19246.004373 27169.026560 1035.000000
19246.930588 27171.694765 1035.000000
19248.670213 27176.709079 1035.000000
19253.849201 27191.659272 1035.000000
19256.624574 27199.620692 1035.000234
19260.802579 27211.623780 1035.000000
19267.322812 27230.292930 1035.000000
19267.774530 27231.588287 1035.000000
19268.617021 27234.004923 1035.000000
19274.725294 27251.552795 1035.000000
19277.981050 27260.925133 1035.000000
19281.654969 27271.517303 1035.000000
19288.563553 27291.481533 1035.000000
19288.563649 27291.481810 1035.000000
19288.563830 27291.482331 1035.000000
19295.518838 27311.446318 1035.000324
19299.251286 27322.143257 1035.000497
19302.479914 27331.410825 1035.000377
19308.510638 27348.757861 1035.000000
19309.424522 27351.375333 1035.000000
19309.915197 27352.781138 1035.000000
19316.382511 27371.339840 1035.000000
19320.582872 27383.422786 1035.000000
19323.318358 27391.304348 1035.000000
19328.457447 27406.093195 1035.000045
19330.253085 27411.268855 1035.000000
19331.210789 27414.024641 1035.000000
19337.181561 27431.233363 1035.000000
19341.805428 27444.593188 1035.000000
19344.087627 27451.197870 1035.000000
19348.404255 27463.709543 1035.000000
19350.971392 27471.162378 1035.000000
19352.320198 27475.081796 1035.000000
19357.832964 27491.126886 1035.000000
19362.759130 27505.494497 1035.000006
19364.674998 27511.091393 1035.000000
19368.351064 27521.841574 1035.000000
19371.496790 27531.055901 1035.000000
19373.126772 27535.835847 1035.000000
19378.296325 27551.020408 1035.000000
19383.417551 27566.100264 1035.000000
19385.073712 27570.984916 1035.000000
19388.297872 27580.505380 1035.000000
19391.843591 27590.949423 1035.000157
19393.660369 27596.316678 1035.000205
19398.593217 27610.913931 1035.000453
19403.824242 27626.454077 1035.000275
19405.311053 27630.878438 1035.000182
19408.244681 27639.617780 1035.000000
19412.028138 27650.842946 1035.000000
19413.950067 27656.553395 1035.000000
19418.739289 27670.807453 1035.000000
19424.036176 27686.612961 1035.000000
19425.427608 27690.771961 1035.000000
19428.191489 27699.073728 1034.999886
19432.067692 27710.736469 1035.000000
19433.985995 27716.536115 1035.000000
19438.663151 27730.700976 1035.000000
19443.812483 27746.335830 1035.000000
19445.236009 27750.665484 1035.000000
19448.138298 27759.502774 1035.000000
19451.786380 27770.629991 1035.000000
19453.564390 27776.060898 1035.000000
19458.314381 27790.594499 1035.000000
19463.198815 27805.668379 1034.999907
19464.780825 27810.559006 1035.000000
19468.085106 27820.842982 1035.000000
19471.190157 27830.523514 1035.000000
19472.655680 27835.098143 1035.000000
19477.577511 27850.488021 1035.000000
19482.029915 27864.445203 1035.000000
19483.942999 27870.452529 1035.000000
19488.031915 27883.313024 1035.000000
19490.297441 27890.417036 1035.000117
19491.345421 27893.733483 1035.000077
19496.596990 27910.381544 1035.000442
19500.490322 27922.851006 1035.000579
19502.826426 27930.346051 1035.000398
19507.978723 27946.911099 1035.000000
19509.041689 27950.310559 1035.000000
19509.525589 27951.858797 1035.000000
19515.271387 27970.275067 1035.000000
19518.570363 27980.876104 1035.000000
19521.479067 27990.239574 1035.000000
19527.458728 28009.736863 1034.999985
19527.601767 28010.204082 1035.000000
19527.925532 28011.272311 1035.000000
19533.642602 28030.168589 1035.000000
19536.117259 28038.367585 1035.000000
19539.662107 28050.133097 1035.000000
19544.711206 28066.933665 1035.000000
19545.660393 28070.097604 1035.000000
19547.872340 28077.477583 1035.000000
19551.637573 28090.062112 1035.000000
19553.217655 28095.412169 1034.999800
19557.526270 28110.026619 1035.000000
19561.488514 28123.654875 1035.000000
19563.327451 28129.991127 1035.000000
19567.819149 28145.497641 1035.000000
19569.108201 28149.955634 1035.000000
19569.632804 28151.770898 1035.000000
19574.868629 28169.920142 1035.000000
19577.720528 28179.830307 1035.000000
19580.608841 28189.884650 1035.000000
19585.662888 28207.744221 1034.999914
19586.257513 28209.849157 1035.000000
19587.765957 28215.262937 1035.000000
19591.837381 28229.813665 1035.000271
19593.417200 28235.469922 1035.000376
19597.406456 28249.778172 1035.000641
19601.125264 28263.149333 1035.000694
19602.955761 28269.742680 1035.000501
19607.712766 28286.913362 1035.000000
19608.492748 28289.707187 1035.000000
19608.788972 28290.784348 1034.999951
19613.973709 28309.671695 1035.000000
19616.286308 28318.252844 1035.000000
19619.348571 28329.636202 1035.000000
19623.621471 28345.559023 1035.000000
19624.704110 28349.600710 1035.000000
19627.659574 28360.648981 1035.000000
19630.040429 28369.565217 1035.000000
19630.907535 28372.816060 1035.000000
19635.357631 28389.529725 1035.000000
19638.084569 28399.963969 1034.999504
19640.570804 28409.494232 1035.000000
19645.008459 28426.858511 1035.000000
19645.671795 28429.458740 1035.000000
19647.606383 28437.049088 1035.000000
19650.754631 28449.423248 1035.000000
19651.828084 28453.648695 1035.000000
19655.819409 28469.387755 1035.000000
19658.604230 28480.395360 1035.000000
19660.866224 28489.352263 1035.000000
19665.236506 28506.998029 1034.999872
19665.809767 28509.316770 1035.000000
19667.553191 28516.516980 1035.000000
19670.638425 28529.281278 1035.000000
19671.621073 28533.352769 1035.000000
19675.450074 28549.245785 1035.000000
19677.951739 28559.653559 1035.000000
19680.244804 28569.210293 1035.000000
19684.243913 28585.915824 1035.000000
19685.022704 28589.174800 1035.000000
19687.500000 28599.747900 1034.999474
19689.712192 28609.139308 1035.000178
19690.374060 28612.015918 1035.000231
19694.298854 28629.103815 1035.000545
19696.322390 28637.934034 1035.000708
19698.869462 28649.068323 1035.000912
19702.235746 28663.817144 1035.000701
19703.424099 28669.032831 1035.000541
19707.446809 28686.723931 1035.000000
19707.969028 28688.997338 1035.000000
19708.120538 28689.671666 1034.999962
19712.447135 28708.961846 1035.000000
19713.840288 28715.360998 1035.000000
19716.788480 28728.926353 1035.000000
19719.378111 28740.868243 1035.000000
19721.114834 28748.890861 1035.000000
19724.884822 28766.344347 1035.000000
19725.426273 28768.855368 1035.000000
19727.393617 28777.988258 1035.000000
19729.722875 28788.819876 1035.000000
19730.340827 28791.769701 1034.999823
19733.899153 28808.784383 1035.000000
19735.547372 28816.945373 1035.000000
19737.927278 28828.748891 1035.000000
19740.583535 28841.950512 1035.000000
19741.942013 28848.713398 1035.000000
19745.593518 28866.929448 1035.000000
19745.943424 28868.677906 1035.000000
19747.340426 28875.663696 1035.000000
19749.931578 28888.642413 1035.000000
19750.555646 28891.860486 1034.999799
19753.797930 28908.606921 1035.000000
19755.275572 28916.549109 1035.000000
19757.508775 28928.571429 1035.000000
19759.825471 28941.067553 1035.000000
19761.207867 28948.535936 1035.000000
19764.353695 28965.564302 1035.000000
19764.895262 28968.500444 1035.000000
19767.287234 28981.485041 1035.000000
19768.571016 28988.464951 1035.000000
19768.849510 28990.028613 1034.999897
19772.121713 29008.429459 1035.000000
19773.111030 29014.258422 1035.000000
19775.506596 29028.393966 1035.000000
19777.181936 29038.297448 1035.000000
19778.881391 29048.358474 1035.000000
19781.235290 29062.318906 1035.000000
19782.246144 29068.322981 1035.000000
19785.271225 29086.322929 1035.000000
19785.600899 29088.287489 1035.000000
19787.234043 29098.383913 1034.999307
19788.841681 29108.251996 1035.000160
19789.135376 29110.155017 1035.000189
19791.918943 29128.216504 1035.000465
19792.771742 29133.759117 1035.000550
19794.987637 29148.181012 1035.000770
19796.393975 29157.349072 1035.000910
19798.047799 29168.145519 1035.001074
19800.002173 29180.924979 1035.001268
19801.099463 29188.110027 1035.001074
19803.479056 29204.369455 1035.000267
19804.020573 29208.074534 1035.000558
19806.686851 29227.544603 1035.000087
19806.754474 29228.039042 1035.000075
19807.180851 29231.157288 1035.000000
19809.516896 29248.003549 1035.000000
19809.892817 29250.717921 1035.000000
19812.278753 29267.968057 1035.000000
19813.096465 29273.888919 1035.000000
19815.033488 29287.932564 1035.000000
19816.222290 29296.982026 1034.999339
19817.654390 29307.897072 1035.000000
19819.102066 29319.828864 1035.000000
19820.075531 29327.861579 1035.000000
19821.852806 29342.546553 1035.000000
19822.491025 29347.826087 1035.000000
19824.595250 29365.255938 1035.000000
19824.900891 29367.790594 1035.000000
19827.127660 29386.279680 1035.000000
19827.305148 29387.755102 1035.000000
19827.327960 29387.955581 1034.999985
19829.574394 29407.719610 1035.000000
19829.856354 29410.450725 1035.000000
19831.633694 29427.684117 1035.000000
19832.151706 29432.712621 1035.000000
19833.688757 29447.648625 1035.000000
19834.441192 29454.968646 1035.000000
19835.739599 29467.613132 1035.000000
19836.724836 29477.218825 1035.000000
19837.786230 29487.577640 1035.000000
19838.915774 29499.376214 1034.999094
19839.696786 29507.542147 1035.000000
19840.860631 29521.287304 1035.000000
19841.386779 29527.506655 1035.000000
19842.704459 29543.097275 1035.000000
19843.073804 29547.471162 1035.000000
19844.544425 29564.903382 1035.000000
19844.757867 29567.435670 1035.000000
19846.380544 29586.705637 1035.000000
19846.438978 29587.400177 1035.000000
19847.074468 29595.613350 1034.999355
19847.982979 29607.364685 1035.000000
19848.047003 29608.338083 1035.000000
19849.295231 29627.329193 1035.000000
19849.451484 29629.708318 1035.000000
19850.605606 29647.293700 1035.000000
19850.853663 29651.076248 1035.000000
19851.914107 29667.258208 1035.000000
19852.253546 29672.441881 1035.000000
19853.220739 29687.222715 1035.000000
19853.603376 29693.757416 1034.999477
19854.389241 29707.187223 1035.000000
19854.745062 29714.864622 1035.000000
19855.314219 29727.151730 1035.000000
19855.714570 29735.799498 1035.000000
19856.238199 29747.116238 1035.000000
19856.682928 29756.733223 1035.000000
19857.161182 29767.080745 1035.000000
19857.650139 29777.665800 1035.000000
19858.083171 29787.045253 1035.000000
19858.532908 29798.513860 1034.999067
19858.865913 29807.009760 1035.000000
19859.185735 29819.131774 1035.000000
19859.392576 29826.974268 1035.000000
19859.726439 29839.637465 1035.000000
19859.918869 29846.938776 1035.000000
19860.266743 29860.142756 1035.000000
19860.444794 29866.903283 1035.000000
19860.806648 29880.647648 1035.000000
19860.970351 29886.867791 1035.000000
19861.243888 29901.049784 1034.999082
19861.355388 29906.832298 1035.000000
19861.438572 29921.209147 1035.000000
19861.470897 29926.796806 1035.000000
19861.554729 29941.289915 1035.000000
19861.586372 29946.761313 1035.000000
19861.670851 29961.370648 1035.000000
19861.701813 29966.725821 1035.000000
19861.786939 29981.451346 1035.000000
19861.817220 29986.690328 1035.000000
19861.788272 30001.417188 1034.999045
19861.777977 30006.654836 1035.000000
19861.525491 30021.118681 1035.000000
19861.429463 30026.619343 1035.000000
19861.182931 30040.740325 1035.000000
19861.080906 30046.583851 1035.000000
19860.840331 30060.361928 1035.000000
19860.732305 30066.548358 1035.000000
19860.497690 30079.983491 1035.000000
19860.383661 30086.512866 1035.000000
19860.065233 30099.515158 1034.998925
19859.894707 30106.477374 1035.000000
19859.411529 30118.825381 1035.000000
19859.113422 30126.441881 1035.000000
19858.659480 30138.037173 1035.000000
19858.331755 30146.406389 1035.000000
19857.907091 30157.248623 1035.000000
19857.549705 30166.370896 1035.000000
19857.154360 30176.459732 1035.000000
19856.767273 30186.335404 1035.000000
19856.342985 30195.612144 1034.999288
19855.854013 30206.299911 1035.000000
19855.357101 30214.589894 1035.000000
19854.657018 30226.264419 1035.000000
19854.227521 30233.423818 1035.000000
19853.459006 30246.228926 1035.000000
19853.097086 30252.256888 1035.000000
19852.259976 30266.193434 1035.000000
19851.965796 30271.089101 1035.000000
19851.059925 30286.157941 1035.000000
19850.812231 30289.899021 1034.999734
19849.737571 30306.122449 1035.000000
19849.540123 30308.590292 1035.000000
19848.139400 30326.086957 1035.000000
19848.060359 30327.073722 1035.000000
19847.074468 30339.376851 1035.000000
19846.579066 30345.555623 1035.000000
19846.539303 30346.051464 1035.000000
19845.096242 30364.035991 1035.000000
19844.937275 30366.015972 1035.000000
19843.611885 30382.514824 1035.000000
19843.333313 30385.980479 1035.000000
19842.047828 30400.913886 1034.999215
19841.614460 30405.944987 1035.000000
19840.301861 30419.130878 1035.000000
19839.626555 30425.909494 1035.000000
19838.492544 30437.284463 1035.000000
19837.635558 30445.874002 1035.000000
19836.680901 30455.435720 1035.000000
19835.641463 30465.838509 1035.000000
19834.866928 30473.584645 1035.000000
19833.644263 30485.803017 1035.000000
19833.022500 30491.703088 1034.999639
19831.539131 30505.767524 1035.000000
19831.071464 30509.714828 1035.000000
19829.171984 30525.732032 1035.000000
19828.954914 30527.560908 1035.000000
19827.127660 30542.943447 1035.000000
19826.835155 30545.403776 1035.000000
19826.800345 30545.696539 1035.000000
19824.712182 30563.243426 1035.000000
19824.424200 30565.661047 1035.000000
19822.585987 30581.079852 1035.000000
19822.043538 30585.625555 1035.000000
19820.399354 30598.855786 1034.999257
19819.561618 30605.590062 1035.000000
19818.068826 30616.487698 1035.000000
19816.825430 30625.554570 1035.000000
19815.660401 30634.041644 1035.000000
19814.083120 30645.519077 1035.000000
19813.247810 30651.591419 1035.000000
19811.334667 30665.483585 1035.000000
19810.831044 30669.137016 1035.000000
19808.580051 30685.448092 1035.000000
19808.405293 30686.673621 1034.999937
19807.180851 30695.255391 1034.999495
19805.925644 30704.156279 1035.000011
19805.748367 30705.412600 1035.000211
19803.287608 30721.480410 1035.000571
19802.690029 30725.377107 1035.000658
19800.631262 30738.786214 1035.000956
19799.623417 30745.341615 1035.001015
19797.969514 30756.086612 1035.000876
19796.548496 30765.306122 1035.000758
19795.302350 30773.381589 1035.000655
19793.465234 30785.270630 1035.000504
19792.610532 30790.651890 1035.000176
19790.291045 30805.235138 1035.000245
19789.844559 30807.847970 1035.000209
19787.234043 30823.104006 1035.000000
19786.929337 30824.894669 1035.000000
19786.877433 30825.199645 1035.000000
19784.022858 30841.950119 1035.000000
19783.474278 30845.164153 1035.000000
19781.109774 30858.998958 1035.000000
19780.060516 30865.128660 1035.000000
19778.190068 30876.041168 1035.000000
19776.636097 30885.093168 1035.000000
19775.237846 30893.050834 1034.999648
19773.124733 30905.057675 1035.000000
19772.202349 30909.977152 1035.000000
19769.376634 30925.022183 1035.000000
19769.045611 30926.782120 1035.000000
19767.287234 30936.121927 1035.000000
19765.881210 30943.579419 1035.000000
19765.615683 30944.986690 1035.000000
19762.709124 30960.369025 1035.000000
19761.841815 30964.951198 1035.000000
19759.529329 30977.150917 1035.000000
19758.054963 30984.915705 1035.000000
19756.315808 30993.899052 1034.999644
19754.186147 31004.880213 1035.000000
19753.021121 31010.565949 1035.000000
19750.089902 31024.844720 1035.000000
19749.620664 31027.126982 1035.000000
19747.340426 31038.203672 1035.000000
19746.211477 31043.679278 1035.000000
19745.978363 31044.809228 1035.000000
19742.793535 31060.222810 1035.000000
19741.851442 31064.773736 1035.000000
19739.366810 31076.757553 1035.000000
19737.709055 31084.738243 1035.000000
19735.909457 31093.261639 1034.999700
19733.489215 31104.702751 1035.000000
19732.381259 31109.694818 1035.000000
19729.051545 31124.667258 1035.000000
19728.749293 31126.024137 1035.000000
19727.393617 31132.105522 1035.000000
19725.107550 31142.343670 1035.000000
19724.595997 31144.631766 1035.000000
19721.455999 31158.653387 1035.000000
19720.122465 31164.596273 1035.000000
19717.794611 31174.953257 1035.000000
19715.630840 31184.560781 1035.000000
19714.108051 31191.227934 1034.999788
19711.064676 31204.525288 1035.000000
19710.366567 31207.447638 1035.000000
19707.446809 31219.650131 1035.000000
19706.516406 31223.558568 1035.000072
19706.294607 31224.489796 1035.000089
19702.671399 31239.674657 1035.000366
19701.528402 31244.454303 1035.000453
19698.815220 31255.779564 1035.000512
19696.740900 31264.418811 1035.000416
19694.947831 31271.873251 1035.000333
19691.931959 31284.383319 1035.000197
19691.062139 31287.948618 1035.000059
19687.500000 31302.519435 1034.999818
19687.141483 31303.988991 1034.999964
19687.053922 31304.347826 1035.000000
19683.109598 31319.918036 1035.000000
19681.993739 31324.312334 1035.000000
19679.062852 31335.832207 1035.000000
19676.909195 31344.276841 1035.000000
19675.003730 31351.733991 1035.000000
19671.800115 31364.241349 1035.000000
19670.932191 31367.623346 1035.000000
19667.553191 31380.763837 1035.000000
19666.848191 31383.500230 1035.000000
19666.666319 31384.205856 1035.000000
19662.726646 31399.339536 1034.999649
19661.465987 31404.170364 1035.000000
19658.522676 31415.096343 1035.000000
19656.081663 31424.134871 1035.000000
19654.275393 31430.809799 1035.000000
19650.670050 31444.099379 1035.000000
19650.014788 31446.509921 1035.000000
19647.606383 31455.357169 1035.000000
19645.740815 31462.196663 1035.000000
19645.230939 31464.063886 1035.000000
19641.453428 31477.869980 1035.000000
19639.764121 31484.028394 1035.000000
19637.138667 31493.515897 1034.999805
19634.231932 31503.992902 1035.000000
19632.771207 31509.109069 1035.000000
19628.520581 31523.957409 1035.000000
19628.328518 31524.626946 1035.000000
19627.659574 31526.957965 1035.000000
19623.871569 31540.130550 1035.000000
19622.778831 31543.921917 1035.000000
19619.400313 31555.619834 1035.000000
19617.006438 31563.886424 1035.000000
19614.914699 31571.094748 1035.000000
19611.203158 31583.850932 1035.000000
19610.411282 31586.551842 1034.999952
19607.712766 31595.741115 1034.999790
19605.880982 31601.982030 1034.999914
19605.342252 31603.815439 1035.000066
19601.268960 31617.330423 1035.000177
19599.319595 31623.779947 1035.000198
19596.631685 31632.653541 1035.000150
19593.262527 31643.744454 1035.000091
19591.978816 31647.961051 1035.000070
19587.765957 31661.763323 1035.000000
19587.310819 31663.253420 1035.000000
19587.171638 31663.708962 1035.000000
19582.631820 31678.534776 1035.000000
19581.053708 31683.673469 1035.000000
19577.926273 31693.789561 1034.999852
19574.872640 31703.637977 1035.000000
19573.174075 31708.997655 1035.000000
19568.531630 31723.602484 1035.000000
19568.359366 31724.143181 1035.000000
19567.819149 31725.838219 1035.000000
19563.527944 31739.271979 1035.000000
19562.152286 31743.566992 1035.000000
19558.679750 31754.383991 1035.000000
19555.734259 31763.531500 1035.000000
19553.814725 31769.479156 1035.000000
19549.277197 31783.496007 1035.000000
19548.931914 31784.556521 1034.999987
19547.872340 31787.808794 1034.999949
19544.020308 31799.605064 1034.999809
19542.758301 31803.460515 1035.000000
19539.046543 31814.591393 1035.000000
19536.091615 31823.425022 1035.000000
19534.039739 31829.544654 1035.000000
19529.383056 31843.389530 1035.000000
19529.015321 31844.480286 1035.000000
19527.925532 31847.710568 1035.000000
19523.973229 31859.398228 1035.000000
19522.632229 31863.354037 1035.000000
19518.913400 31874.298417 1035.000000
19515.838734 31883.318545 1035.000000
19513.831535 31889.176550 1034.999941
19508.982674 31903.283052 1035.000000
19508.722491 31904.027480 1035.000000
19507.978723 31906.154533 1035.000000
19503.538448 31918.803345 1034.999930
19501.973898 31923.247560 1034.999905
19498.334727 31933.559514 1034.999889
19494.916904 31943.212067 1034.999924
19493.112067 31948.296727 1034.999943
19488.031915 31962.562483 1035.000000
19487.870269 31963.014785 1035.000000
19487.812442 31963.176575 1035.000000
19482.605069 31977.709421 1035.000000
19480.652182 31983.141083 1035.000000
19477.314925 31992.379091 1034.999923
19473.426665 32003.105590 1035.000000
19471.989256 32007.013203 1035.000000
19468.085106 32017.599836 1035.000000
19466.608900 32021.592581 1035.000000
19466.062106 32023.070098 1035.000000
19461.208481 32036.151878 1035.000000
19458.645882 32043.034605 1035.000000
19455.787928 32050.691023 1035.000000
19451.177446 32062.999113 1035.000000
19450.347170 32065.209945 1035.000000
19448.138298 32071.083280 1035.000000
19444.886138 32079.708574 1035.000000
19443.656246 32082.963620 1035.000000
19439.400040 32094.182116 1034.999935
19436.070085 32102.928128 1035.000000
19433.878117 32108.619801 1035.000000
19428.361532 32122.892635 1035.000000
19428.314011 32123.015265 1035.000000
19428.191489 32123.331411 1035.000000
19422.728995 32137.389801 1035.000000
19420.597085 32142.857143 1035.000000
19417.122998 32151.743338 1035.000000
19412.776136 32162.821650 1035.000000
19411.495948 32166.075803 1035.000000
19408.244681 32174.322984 1035.000000
19405.841411 32180.380756 1034.999912
19404.885618 32182.786158 1034.999877
19400.153625 32194.652430 1034.999658
19396.912124 32202.750665 1034.999774
19394.433450 32208.891687 1034.999838
19388.832741 32222.715173 1034.999986
19388.678125 32223.095763 1034.999990
19388.297872 32224.031524 1035.000000
19382.890023 32237.267033 1035.000000
19380.670499 32242.679681 1035.000000
19377.078636 32251.414997 1035.000000
19372.443391 32262.644188 1035.000000
19371.244625 32265.540317 1035.000000
19368.351064 32272.517522 1035.000000
19365.387913 32279.642916 1035.000000
19364.152141 32282.608696 1035.000000
19359.507138 32293.721430 1034.999982
19355.792700 32302.573203 1035.000000
19353.599054 32307.772612 1035.000000
19348.404255 32320.042953 1035.000000
19347.660969 32321.793765 1035.000000
19347.344980 32322.537711 1035.000000
19341.699717 32335.791731 1035.000000
19338.830183 32342.502218 1035.000000
19335.715220 32349.766432 1035.000000
19330.247507 32362.466726 1035.000000
19329.707400 32363.717788 1035.000000
19328.457447 32366.610693 1035.000000
19323.676180 32377.645724 1035.000000
19321.596136 32382.431233 1035.000000
19317.621615 32391.550295 1035.000002
19312.875653 32402.395741 1035.000000
19311.543873 32405.431667 1035.000000
19308.510638 32412.332352 1035.000000
19305.436826 32419.283709 1034.999909
19304.073596 32422.360248 1034.999868
19299.298963 32433.104907 1034.999760
19295.184945 32442.324756 1034.999851
19293.136775 32446.901759 1034.999896
19288.563830 32457.089530 1035.000000
19286.947421 32460.671421 1035.000000
19286.216532 32462.289264 1035.000000
19280.725521 32474.408508 1035.000000
19277.155924 32482.253771 1035.000000
19274.479467 32488.121418 1035.000010
19268.617021 32500.922888 1035.000018
19268.209433 32501.810328 1035.000006
19268.022015 32502.218279 1035.000000
19261.928023 32515.487852 1035.000000
19258.840297 32522.182786 1035.000000
19255.621928 32529.140670 1035.000000
19249.579957 32542.147294 1035.000000
19249.290647 32542.768279 1035.000000
19248.670213 32544.099446 1035.000000
19242.934100 32556.370598 1035.000000
19240.239981 32562.111801 1035.000000
19236.552205 32569.947548 1035.000000
19230.819337 32582.076309 1035.000000
19230.145260 32583.499426 1035.000005
19228.723404 32586.498389 1035.000016
19223.716028 32597.028997 1035.000053
19221.324832 32602.040816 1035.000000
19217.281167 32610.552933 1035.000000
19211.817159 32622.005324 1035.000000
19210.832516 32624.063069 1035.000000
19208.776596 32628.353693 1035.000000
19204.347841 32637.537147 1034.999863
19202.203729 32641.969831 1034.999795
19197.832319 32650.980352 1034.999779
19192.494493 32661.934339 1034.999909
19191.290674 32664.397409 1034.999939
19188.829787 32669.424126 1035.000000
19184.714972 32677.780380 1035.000000
19182.681239 32681.898846 1035.000000
19178.111441 32691.135497 1035.000045
19172.779902 32701.863354 1035.000000
19171.492189 32704.474880 1035.000000
19168.882979 32709.757090 1035.000000
19164.885077 32717.826412 1035.000000
19162.897195 32721.827862 1035.000000
19158.251436 32731.151392 1035.000000
19152.925286 32741.792369 1035.000000
19151.591186 32744.449741 1035.000000
19148.936170 32749.728734 1035.000000
19144.904248 32757.721377 1035.000000
19142.862964 32761.756877 1035.000000
19138.190543 32770.966223 1035.000000
19132.708993 32781.721384 1035.000000
19131.451089 32784.185296 1035.000014
19128.989362 32788.999192 1035.000042
19124.689514 32797.382229 1035.000090
19122.475660 32801.685892 1035.000000
19117.944325 32810.595562 1035.000000
19112.296509 32821.650399 1035.000000
19111.193392 32823.803146 1035.000000
19109.042553 32827.994489 1035.000000
19104.410284 32836.978527 1034.999931
19102.012224 32841.614907 1034.999895
19097.597598 32850.124304 1034.999894
19091.627330 32861.579414 1034.999968
19090.757726 32863.242871 1034.999979
19089.095745 32866.418503 1035.000000
19083.885361 32876.328915 1035.000000
19081.133877 32881.543922 1035.000000
19076.987745 32889.389686 1035.000050
19070.553527 32901.508429 1035.000000
19070.070854 32902.431166 1035.000000
19069.148936 32904.192526 1035.000000
19063.201776 32915.520499 1035.000000
19060.064247 32921.472937 1035.000000
19056.305420 32928.582533 1035.000000
19049.477474 32941.437445 1035.000000
19049.381712 32941.617188 1035.000000
19049.202128 32941.954227 1035.000000
19042.430575 32954.624391 1035.000000
19038.791841 32961.401952 1035.000000
19035.451933 32967.604064 1035.000000
19029.255319 32979.063465 1035.000000
19028.445711 32980.556133 1035.000000
19028.005959 32981.366460 1035.000000
19021.417474 32993.486167 1035.000071
19017.132829 33001.330967 1035.000000
19014.395227 33006.422197 1035.000000
19009.308511 33015.850339 1035.000000
19007.396943 33019.382211 1034.999998
19006.360103 33021.295475 1034.999996
19000.370696 33032.314237 1034.999988
18995.485311 33041.259982 1034.999993
18993.316870 33045.218660 1034.999995
18989.361702 33052.420242 1035.000000
18986.235066 33058.095080 1035.000000
18984.507278 33061.224490 1035.000000
18979.125056 33070.943268 1035.000000
18973.424068 33081.188997 1035.000000
18971.988077 33083.764464 1035.000011
18969.414894 33088.371627 1035.000032
18964.826819 33096.561359 1035.000068
18962.246344 33101.153505 1035.000000
18957.686000 33109.378711 1035.000000
18951.146634 33121.118012 1035.000000
18950.544609 33122.195491 1035.000000
18949.468085 33124.120841 1035.000000
18943.375468 33134.984496 1035.000000
18939.941777 33141.082520 1035.000000
18936.178505 33147.745655 1035.000000
18929.521277 33159.481289 1035.000000
18928.953650 33160.478897 1035.000000
18928.630270 33161.047028 1035.000000
18921.700833 33173.184152 1035.000000
18917.210584 33181.011535 1035.000000
18914.421542 33185.862910 1035.000019
18909.574468 33194.267360 1035.000052
18907.113023 33198.512414 1035.000024
18905.682209 33200.976043 1034.999930
18899.833420 33211.190859 1034.999830
18894.224350 33220.940550 1034.999923
18892.541457 33223.856933 1034.999951
18889.627660 33228.896833 1035.000000
18885.215437 33236.488920 1035.000000
18882.641552 33240.905058 1035.000000
18877.857322 33249.088784 1035.000000
18870.937071 33260.869565 1035.000000
18870.471064 33261.660479 1035.000000
18869.680851 33263.000949 1035.000000
18863.056595 33274.203939 1035.000000
18859.119292 33280.834073 1035.000000
18855.615530 33286.720779 1035.000020
18849.734043 33296.564663 1035.000054
18848.148021 33299.211152 1035.000063
18847.195707 33300.798580 1035.000000
18840.727505 33311.748559 1035.000000
18835.376914 33320.763088 1035.000000
18833.289811 33324.268773 1035.000000
18829.787234 33330.138700 1035.000000
18825.823902 33336.760747 1035.000000
18823.443623 33340.727595 1035.000000
18818.329714 33349.224417 1035.000000
18811.394161 33360.692103 1035.000000
18810.807182 33361.659717 1035.000000
18809.840426 33363.252387 1035.000000
18803.237039 33374.047365 1034.999772
18799.176865 33380.656610 1034.999688
18795.637099 33386.405188 1034.999825
18789.893617 33395.698244 1035.000046
18788.005014 33398.730839 1035.000055
18786.826382 33400.621118 1035.000000
18780.412698 33411.096294 1035.000000
18774.574376 33420.585626 1035.000000
18772.807480 33423.448836 1035.000000
18769.946809 33428.076026 1035.000000
18765.173947 33435.773036 1035.000000
18762.202660 33440.550133 1035.000000
18757.512038 33448.068836 1035.000000
18750.000000 33460.052584 1035.000000
18749.821693 33460.336176 1035.000000
18749.709472 33460.514641 1035.000000
18742.102856 33472.574996 1035.000000
18737.093014 33480.479148 1035.000000
18734.356373 33484.786148 1035.000011
18730.053191 33491.540111 1035.000027
18726.582952 33496.970337 1035.000041
18724.358387 33500.443656 1035.000000
18718.862637 33509.207679 1035.000000
18711.804632 33520.408163 1035.000000
18711.146591 33521.449294 1035.000000
18710.106383 33523.093992 1035.000000
18703.374224 33533.634538 1034.999679
18699.052324 33540.372671 1034.999565
18695.569112 33545.787008 1034.999736
18690.159574 33554.167082 1035.000000
18687.725192 33557.900636 1035.000000
18686.134075 33560.337178 1035.000000
18679.829665 33569.962611 1035.000000
18673.024255 33580.301686 1035.000000
18671.905887 33581.996309 1035.000003
18670.212766 33584.559123 1035.000007
18663.955056 33594.002931 1035.000023
18659.788587 33600.266193 1035.000000
18656.037753 33606.043110 1035.000000
18650.265957 33614.900779 1035.000000
18648.160090 33618.122965 1035.000000
18646.780766 33620.230701 1035.000000
18640.254107 33630.174474 1035.000000
18633.644448 33640.195209 1035.000000
18632.319752 33642.197587 1035.000000
18630.319149 33645.217892 1035.000000
18624.356973 33654.192250 1035.000000
18620.377718 33660.159716 1035.000000
18616.365719 33666.158413 1035.000000
18610.372340 33675.086391 1035.000000
18608.335344 33678.085419 1034.999881
18606.948809 33680.124224 1034.999801
18600.245538 33689.952943 1034.999417
18593.298237 33700.088731 1034.999820
18592.146328 33701.811054 1034.999892
18590.425532 33704.381251 1035.000000
18584.095873 33713.717964 1035.000000
18579.784359 33720.053239 1035.000000
18576.007391 33725.586812 1035.000000
18570.478723 33733.659548 1035.000000
18567.890692 33737.427418 1035.000000
18566.108669 33740.017746 1035.000000
18559.745729 33749.239735 1035.000000
18552.296743 33759.982254 1035.000000
18551.572456 33761.023718 1035.000000
18550.531915 33762.518983 1035.000000
18543.370829 33772.779321 1035.000000
18538.346537 33779.946761 1035.000000
18535.140803 33784.506500 1035.000000
18530.585106 33790.968479 1035.000000
18526.882335 33796.205212 1035.000000
18524.255962 33799.911269 1035.000000
18518.674594 33807.954696 1035.000006
18510.638298 33819.479749 1035.000000
18510.474389 33819.711722 1034.999989
18510.358458 33819.875776 1034.999982
18502.197550 33831.392046 1034.999452
18496.180872 33839.840284 1034.999594
18493.892495 33843.044130 1034.999763
18490.691489 33847.517095 1035.000000
18485.523586 33854.632302 1035.000000
18481.755124 33859.804791 1035.000000
18477.104243 33866.169996 1035.000000
18470.744681 33874.840849 1035.000000
18468.656688 33877.679453 1035.000000
18467.117547 33879.769299 1035.000000
18460.180882 33889.160635 1035.000000
18452.331744 33899.733807 1035.000000
18451.684833 33900.621555 1035.000025
18450.797872 33901.838081 1035.000023
18443.257127 33912.150877 1035.000010
18437.713640 33919.698314 1035.000000
18434.801771 33923.652527 1035.000000
18430.851064 33929.004897 1035.000000
18426.319178 33935.126914 1035.000000
18422.952384 33939.662822 1035.000000
18417.808374 33946.573066 1035.000000
18410.904255 33955.809930 1035.000000
18409.258246 33957.979859 1034.999884
18408.007341 33959.627329 1034.999796
18400.633058 33969.311525 1034.999277
18392.765014 33979.591837 1034.999847
18391.979689 33980.614986 1034.999914
18390.957447 33981.946001 1035.000000
18383.235541 33991.827587 1035.000000
18377.168748 33999.556344 1035.000000
18374.489561 34003.038354 1035.000038
18371.010638 34007.550633 1035.000028
18365.793123 34014.298707 1035.000012
18361.743193 34019.520852 1035.000000
18357.070148 34025.532500 1035.000000
18351.063830 34033.232516 1035.000000
18348.320429 34036.739524 1035.000000
18346.169046 34039.485359 1035.000000
18339.542740 34047.918554 1035.000000
18331.117021 34058.589704 1035.000000
18330.737054 34059.069563 1035.000000
18330.435851 34059.449867 1035.000000
18321.903343 34070.192521 1035.000000
18314.541160 34079.414374 1035.000000
18313.041579 34081.287401 1035.000000
18311.170213 34083.622271 1035.000000
18304.098893 34092.301288 1034.999462
18298.308901 34099.378882 1034.999315
18295.156774 34103.315742 1034.999677
18291.223404 34108.217319 1035.000039
18286.215999 34114.331541 1035.000018
18282.099783 34119.343390 1035.000000
18277.211432 34125.283492 1035.000000
18271.276596 34132.471139 1035.000000
18268.181091 34136.209646 1035.000000
18265.611234 34139.307897 1035.000000
18259.123170 34147.108195 1035.000000
18251.329787 34156.436760 1035.000000
18250.037649 34157.979120 1035.000000
18248.953388 34159.272405 1035.000000
18240.924507 34168.822399 1035.000000
18232.123624 34179.236912 1035.000000
18231.783723 34179.638012 1035.000000
18231.382979 34180.110804 1035.000000
18222.615279 34190.425940 1035.000000
18215.119267 34199.201420 1035.000000
18213.442797 34201.209827 1035.000087
18211.436170 34203.611058 1035.000075
18204.287683 34212.011097 1034.999455
18198.174619 34219.165927 1034.999272
18195.090210 34222.769970 1034.999608
18191.489362 34226.969055 1035.000000
18185.805267 34233.441297 1035.000000
18180.793306 34239.130435 1035.000000
18176.452312 34244.044550 1035.000000
18171.542553 34249.587590 1035.000000
18167.072293 34254.620715 1035.000000
18163.088673 34259.094942 1035.000000
18157.665197 34265.169780 1035.000000
18151.595745 34271.945619 1035.000000
18148.231012 34275.691732 1035.000000
18145.200565 34279.059450 1035.000000
18138.769726 34286.186558 1035.000000
18131.648936 34294.047617 1035.000000
18129.281327 34296.654247 1035.000000
18127.126118 34299.023957 1035.000000
18119.871235 34307.200313 1035.000075
18111.702128 34316.366162 1035.000017
18110.453770 34317.739000 1034.999901
18109.316834 34318.988465 1034.999796
18100.940734 34328.182030 1034.999081
18091.755319 34338.214132 1035.000000
18091.397191 34338.594526 1035.000000
18091.059661 34338.952972 1035.000000
18081.706365 34348.859610 1035.000000
18072.161159 34358.917480 1035.000000
18071.989135 34359.098264 1035.000000
18071.808511 34359.288067 1035.000000
18062.245493 34369.310484 1035.000000
18053.066111 34378.881988 1035.000000
18052.475436 34379.496266 1035.000000
18051.861702 34380.134315 1035.000000
18042.678958 34389.655603 1035.000000
18033.771436 34398.846495 1035.000000
18032.869504 34399.801952 1035.000124
18031.914894 34400.812705 1035.000143
18023.164745 34410.053090 1035.000070
18014.832980 34418.811003 1035.000000
18013.435022 34420.279241 1035.000000
18011.968085 34421.818732 1035.000000
18003.604456 34430.404460 1034.999254
17995.414166 34438.775510 1034.999547
17993.733273 34440.489026 1034.999772
17992.021277 34442.232689 1035.000000
17983.712905 34450.424274 1035.000000
17975.242405 34458.740018 1035.000000
17973.641098 34460.308037 1035.000000
17972.074468 34461.840864 1035.000000
17963.543686 34470.166174 1035.000000
17954.756043 34478.704525 1035.000000
17953.420673 34479.998686 1035.000000
17952.127660 34481.250963 1035.000000
17943.272061 34489.805576 1035.000000
17934.054764 34498.669033 1035.000000
17933.112381 34499.601389 1035.000128
17932.180851 34500.522568 1035.000178
17923.067290 34509.511892 1035.000090
17913.776285 34518.633540 1035.000000
17912.997612 34519.397788 1035.000000
17912.234043 34520.146919 1035.000000
17902.812928 34529.168574 1034.999131
17892.918796 34538.598048 1034.999908
17892.594883 34538.905970 1034.999955
17892.287234 34539.198387 1035.000000
17882.180737 34548.447090 1035.000000
17872.340426 34557.409631 1035.000000
17871.736620 34557.958215 1035.000000
17871.071245 34558.562555 1035.000000
17861.267850 34567.444663 1035.000000
17852.393617 34575.449506 1035.000000
17850.774436 34576.906445 1035.000000
17848.971896 34578.527063 1035.000000
17840.256386 34586.343570 1035.000000
17832.446809 34593.320419 1035.000000
17829.713712 34595.756049 1035.000000
17826.639911 34598.491571 1035.000000
17819.261939 34605.259510 1035.000156
17812.500000 34611.441655 1035.000083
17808.790720 34614.743507 1034.999691
17804.612460 34618.456078 1034.999251
17798.225184 34624.133103 1034.999097
17792.553191 34629.160422 1035.000000
17787.544038 34633.406987 1035.000000
17781.615850 34638.420586 1035.000000
17776.727277 34642.545136 1035.000000
17772.606383 34646.015112 1035.000000
17765.886969 34651.659717 1035.000000
17757.855072 34658.385093 1035.000000
17755.023128 34660.750744 1035.000000
17752.659574 34662.722884 1035.000000
17744.135768 34669.818231 1035.000000
17733.844701 34678.349601 1035.000000
17733.224906 34678.862195 1035.000000
17732.712766 34679.285651 1035.000000
17722.290557 34687.882651 1035.000000
17712.765957 34695.705292 1035.000000
17711.315281 34696.862145 1034.999859
17709.493283 34698.314108 1034.999682
17700.343515 34705.845151 1034.998970
17692.819149 34712.016424 1035.000087
17689.299481 34714.755825 1035.000049
17684.765916 34718.278616 1035.000000
17678.073311 34723.484201 1035.000000
17672.872340 34727.519871 1035.000000
17666.831329 34732.196752 1035.000000
17658.999528 34738.243123 1035.000000
17655.567112 34740.887047 1035.000000
17652.925532 34742.919321 1035.000000
17644.280677 34749.555105 1035.000000
17632.978723 34758.195854 1035.000000
17632.972046 34758.200947 1035.000000
17632.963284 34758.207631 1035.000000
17621.641238 34766.824593 1035.000000
17613.031915 34773.350935 1035.000000
17610.252689 34775.390446 1034.999728
17606.457277 34778.172138 1034.999356
17598.730518 34783.822559 1034.998959
17593.085106 34787.940290 1035.000000
17587.039657 34792.085832 1035.000000
17578.191837 34798.136646 1035.000000
17575.231947 34800.232153 1035.000291
17573.138298 34801.713015 1035.000267
17563.535975 34808.490310 1035.000157
17553.191489 34815.764814 1035.000038
17551.819277 34816.727723 1035.000022
17549.860853 34818.101154 1035.000000
17540.097404 34824.959957 1035.000000
17533.244681 34829.759402 1035.000000
17528.357959 34833.174603 1035.000000
17521.344289 34838.065661 1035.000000
17516.597851 34841.368568 1035.000000
17513.297872 34843.661571 1035.000000
17504.700360 34849.425028 1034.999157
17493.351064 34857.006584 1035.000000
17492.719887 34857.398431 1035.000000
17491.702026 34858.030169 1035.000000
17480.399102 34865.031222 1035.000000
17473.404255 34869.350900 1035.000000
17468.059338 34872.645016 1035.000000
17459.359263 34877.994676 1035.000000
17455.700621 34880.239841 1035.000000
17453.457447 34881.615067 1035.000000
17443.322980 34887.815724 1035.000000
17433.510638 34893.799865 1035.000000
17430.926440 34895.372693 1035.000000
17426.672052 34897.959184 1035.000000
17418.631984 34903.031835 1035.000281
17413.563830 34906.222589 1035.000221
17406.276544 34910.629939 1034.999424
17394.179850 34917.923691 1034.999883
17393.828954 34918.135812 1034.999956
17393.617021 34918.263916 1035.000000
17380.991495 34925.251470 1035.000000
17373.670213 34929.291662 1035.000000
17368.130131 34932.343201 1035.000000
17358.040299 34937.888199 1035.000000
17355.251699 34939.417849 1035.000000
17353.723404 34940.255651 1035.000000
17342.356226 34946.475441 1035.000000
17333.776596 34951.156435 1035.000000
17329.443740 34953.516006 1035.000000
17321.466137 34957.852706 1035.000000
17316.514270 34960.539571 1035.000000
17313.829787 34961.994558 1035.000000
17303.410823 34967.389005 1034.998980
17293.882979 34972.308473 1035.000000
17290.120005 34974.050902 1035.000000
17281.974042 34977.817214 1035.000000
17276.472992 34980.356287 1035.000000
17273.936170 34981.526005 1035.000000
17262.811219 34986.646899 1035.000000
17253.989362 34990.697528 1035.000000
17249.134715 34992.922767 1035.000000
17238.513754 34997.781721 1035.000000
17235.474090 34999.214528 1035.000189
17234.042553 34999.888932 1035.000279
17221.904557 35005.597463 1035.000201
17214.095745 35009.260781 1035.000141
17208.223181 35011.868455 1034.999508
17194.955920 35017.746229 1034.999805
17194.396944 35017.994457 1034.999940
17194.148936 35018.104581 1035.000000
17180.000942 35023.550189 1035.000000
17174.202128 35025.777468 1035.000000
17165.582285 35029.083245 1035.000000
17154.255319 35033.418093 1035.000000
17151.151471 35034.604134 1035.000000
17143.011917 35037.710736 1035.000000
17136.708525 35040.112880 1035.000000
17134.308511 35041.026658 1035.000000
17122.253471 35045.609508 1035.000000
17114.361702 35048.603366 1035.000000
17107.668898 35050.976501 1034.999326
17094.414894 35055.666833 1035.000000
17092.860608 35056.119579 1035.000000
17087.516875 35057.675244 1035.000000
17077.405330 35060.615095 1035.000000
17074.468085 35061.468141 1035.000000
17061.941031 35065.101582 1035.000000
17054.521277 35067.250068 1035.000000
17046.467729 35069.579058 1035.000000
17034.574468 35073.012712 1035.000000
17030.985444 35074.047543 1035.000000
17018.510139 35077.639752 1035.000000
17015.494195 35078.507056 1035.000000
17014.627660 35078.756168 1035.000000
16999.730390 35082.693771 1034.998672
16994.680851 35084.026379 1035.000000
16983.384109 35086.297493 1035.000000
16974.734043 35088.034346 1035.000000
16966.768869 35089.632018 1035.000000
16954.787234 35092.032327 1035.000000
16950.147869 35092.960777 1035.000000
16934.840426 35096.020358 1035.000000
16933.521119 35096.283782 1035.000000
16926.904484 35097.604259 1035.000000
16916.918993 35099.631432 1035.000154
16914.893617 35100.042301 1035.000181
16900.053687 35102.715669 1034.998769
16894.946809 35103.634615 1035.000144
16882.443415 35105.054279 1035.000130
16875.000000 35105.898727 1035.000121
16864.526575 35107.086048 1035.000109
16855.053191 35108.159117 1035.000098
16846.607043 35109.115124 1035.000088
16835.106383 35110.415796 1035.000074
16828.684824 35111.141510 1035.000067
16815.159574 35112.668772 1035.000051
16810.671889 35113.077099 1034.999638
16795.212766 35114.482685 1035.000032
16792.194989 35114.548312 1035.000031
16775.265957 35114.916311 1035.000028
16772.672165 35114.972672 1035.000027
16755.319149 35115.349588 1035.000023
16753.149013 35115.396705 1035.000023
16735.372340 35115.782515 1035.000019
16733.625535 35115.820411 1035.000018
16715.425532 35116.215093 1035.000014
16714.074997 35116.217033 1034.999900
16695.478723 35116.243737 1035.000014
16694.058977 35116.147761 1035.000015
16675.531915 35114.895319 1035.000028
16672.667366 35114.701676 1035.000030
16655.585106 35113.546925 1035.000042
16651.275783 35113.255620 1035.000045
16635.638298 35112.198554 1035.000056
16629.884229 35111.809593 1035.000060
16615.691489 35110.850206 1035.000071
16608.351157 35110.221921 1034.999526
16595.744681 35109.142815 1035.000089
16585.818640 35107.633919 1035.000104
16575.797872 35106.110092 1035.000121
16562.297353 35104.056268 1035.000142
16555.851064 35103.075258 1035.000153
16538.772602 35100.475151 1035.000180
16535.904255 35100.038308 1035.000185
16519.927348 35097.604259 1035.000000
16515.957447 35097.010264 1035.000000
16515.246409 35096.892591 1034.999952
16496.010638 35093.707922 1035.000000
16490.961790 35092.550930 1035.000000
16476.063830 35089.134700 1035.000000
16465.084150 35086.614836 1035.000000
16456.117021 35084.555518 1035.000000
16439.193485 35080.665707 1035.000000
16436.170213 35079.970366 1035.000000
16426.041292 35077.639752 1035.000000
16416.223404 35075.379231 1035.000000
16413.232937 35074.646631 1034.999815
16396.276596 35070.489743 1035.000000
16385.937746 35067.291728 1035.000000
16376.329787 35064.316934 1035.000000
16357.044776 35058.337628 1035.000000
16356.382979 35058.132241 1035.000000
16354.910598 35057.675244 1035.000000
16336.436170 35051.935631 1035.000000
16328.115555 35049.347246 1035.000000
16316.489362 35045.727070 1035.000000
16298.804836 35039.975027 1034.999390
16296.542553 35039.238452 1035.000000
16292.623538 35037.710736 1035.000000
16276.595745 35031.454888 1035.000000
16266.339016 35027.444907 1035.000000
16256.648936 35023.651684 1035.000000
16241.586605 35017.746229 1035.000000
16236.702128 35015.836450 1035.000032
16233.569801 35014.611123 1035.000053
16216.755319 35008.025203 1035.000164
16200.456159 35001.432607 1034.999455
16196.808511 34999.955296 1035.000293
16192.165628 34997.781721 1035.000000
16176.861702 34990.829537 1035.000000
16164.120474 34985.029188 1035.000000
16156.914894 34981.743926 1035.000000
16148.312761 34977.817214 1035.000000
16136.968085 34972.630717 1035.000000
16127.416258 34968.256911 1035.000000
16117.021277 34963.489783 1035.000000
16105.016715 34957.852706 1034.999473
16097.074468 34954.117387 1035.000000
16089.135752 34949.906946 1035.000000
16077.127660 34943.526956 1035.000000
16066.535953 34937.888199 1035.000000
16057.180851 34932.898941 1035.000000
16046.488420 34927.186280 1035.000000
16037.234043 34922.233141 1035.000000
16029.194724 34917.923691 1035.000000
16017.287234 34911.557341 1035.000120
16003.331565 34903.955639 1034.999735
15997.340426 34900.686326 1035.000323
15992.822543 34897.959184 1035.000000
15977.393617 34888.972528 1035.000000
15958.610798 34877.994676 1035.000000
15957.446809 34877.313001 1035.000000
15955.804552 34876.350963 1035.000000
15937.500000 34865.606517 1035.000000
15924.633252 34858.030169 1035.000000
15917.553191 34853.852793 1035.000000
15907.170818 34847.638583 1034.999658
15897.606383 34841.902219 1035.000000
15891.755088 34838.065661 1035.000000
15877.659574 34828.802903 1035.000000
15861.429542 34818.101154 1035.000000
15857.712766 34815.653840 1035.000039
15850.549164 34810.931195 1035.000115
15837.765957 34802.484876 1035.000250
15831.199375 34798.136646 1035.000000
15817.819149 34789.560057 1035.000000
15800.287311 34778.172138 1034.999498
15797.872340 34776.599914 1035.000000
15792.563685 34772.858773 1035.000000
15777.925532 34762.517539 1035.000000
15771.840356 34758.207631 1035.000000
15757.978723 34748.365745 1035.000000
15743.771059 34738.243123 1035.000000
15738.031915 34734.144017 1035.000000
15723.642356 34723.840797 1035.000000
15718.085106 34719.851835 1035.000000
15715.912066 34718.278616 1034.999947
15698.138298 34705.417532 1035.000173
15689.026086 34698.314108 1035.000000
15678.191489 34690.112922 1035.000000
15662.705629 34678.349601 1035.000000
15658.244681 34674.951917 1035.000000
15643.927391 34664.019607 1035.000000
15638.297872 34659.709513 1035.000000
15636.569726 34658.385093 1035.000000
15618.351064 34644.385053 1035.000000
15610.657785 34638.420586 1034.999854
15598.404255 34628.894869 1035.000000
15585.797512 34618.456078 1035.000000
15578.457447 34612.375817 1035.000068
15561.754322 34598.491571 1035.000000
15558.510638 34595.866588 1035.000000
15544.668945 34584.637596 1035.000000
15538.563830 34579.670667 1035.000000
15537.159681 34578.527063 1035.000000
15518.617021 34563.381672 1035.000000
15512.759922 34558.562555 1034.999915
15498.670213 34546.936286 1035.000000
15489.107819 34538.598048 1035.000000
15478.723404 34529.515649 1035.000000
15466.324174 34518.633540 1035.000000
15458.776596 34512.002783 1035.000062
15443.651433 34498.669033 1035.000000
15438.829787 34494.522838 1035.000000
15420.498858 34478.704525 1035.000000
15418.882979 34477.305917 1035.000000
15408.246663 34468.058771 1034.999887
15398.936170 34459.939694 1035.000000
15397.622732 34458.740018 1035.000000
15378.989362 34441.667030 1035.000000
15375.844378 34438.775510 1035.000000
15359.042553 34423.279061 1035.000000
15354.214650 34418.811003 1035.000000
15339.095745 34404.797204 1035.000105
15332.697626 34398.846495 1035.000000
15319.148936 34386.527833 1035.000000
15310.782320 34378.881988 1034.999940
15299.202128 34368.266019 1035.000000
15289.422157 34358.917480 1035.000000
15279.255319 34349.167696 1035.000000
15268.639501 34338.952972 1035.000000
15259.308511 34329.945390 1035.000000
15247.996261 34318.988465 1035.000000
15239.361702 34310.608317 1035.000049
15227.465580 34299.023957 1035.000000
15219.414894 34291.344675 1035.000000
15206.590543 34279.059450 1034.999946
15199.468085 34272.214340 1035.000000
15186.297331 34259.094942 1035.000000
15179.521277 34252.323127 1035.000000
15166.363631 34239.130435 1035.000000
15159.574468 34232.300743 1035.000000
15146.560291 34219.165927 1035.000000
15139.627660 34212.152449 1035.000031
15126.867656 34199.201420 1035.000000
15119.680851 34192.043829 1035.000000
15106.868429 34179.236912 1034.999977
15099.734043 34172.082232 1035.000000
15087.338592 34159.272405 1035.000000
15079.787234 34151.442890 1035.000000
15068.120470 34139.307897 1035.000000
15059.840426 34130.667071 1035.000000
15049.023844 34119.343390 1035.000000
15039.893617 34109.759855 1035.000031
15030.034837 34099.378882 1035.000000
15019.946809 34088.940157 1035.000000
15010.770019 34079.414374 1035.000000
15000.000000 34068.198169 1035.000000
14991.854675 34059.449867 1035.000000
14980.053191 34046.733070 1035.000000
14973.347629 34039.485359 1035.000000
14960.106383 34025.126334 1035.000000
14954.952953 34019.520852 1035.000000
14940.159574 34003.383739 1035.000035
14936.661505 33999.556344 1035.000000
14920.212766 33981.847416 1035.000000
14918.123999 33979.591837 1035.000000
14900.265957 33960.244845 1035.000000
14899.712882 33959.627329 1034.999962
14894.965069 33954.321737 1034.999971
14881.885518 33939.662822 1034.999997
14880.319149 33937.903091 1035.000000
14864.167671 33919.698314 1035.000000
14860.372340 33915.407496 1035.000005
14846.548776 33899.733807 1035.000000
14840.425532 33892.893603 1035.000000
14828.710530 33879.769299 1035.000000
14820.478723 33870.517537 1035.000000
14810.974238 33859.804791 1035.000000
14800.531915 33847.996985 1035.000000
14793.490843 33839.840284 1034.999958
14780.585106 33824.841459 1035.000000
14776.326676 33819.875776 1035.000000
14760.638298 33801.524272 1035.000008
14759.263177 33799.911269 1035.000000
14750.146900 33789.410562 1035.000000
14741.953284 33779.946761 1035.000000
14740.691489 33778.487179 1035.000000
14724.737781 33759.982254 1035.000000
14720.744681 33755.335921 1035.000000
14707.615899 33740.017746 1035.000000
14700.797872 33732.037432 1035.000000
14690.748911 33720.053239 1034.999962
14680.851064 33708.212010 1035.000000
14674.083313 33700.088731 1035.000000
14660.904255 33684.561664 1035.000002
14657.147722 33680.124224 1035.000000
14640.957447 33660.941792 1035.000000
14640.299088 33660.159716 1035.000000
14636.790377 33655.988948 1035.000000
14623.538347 33640.195209 1035.000000
14621.010638 33637.175271 1035.000000
14606.864813 33620.230701 1035.000000
14601.063830 33613.260294 1035.000000
14590.396172 33600.266193 1034.999965
14581.117021 33589.162661 1035.000012
14573.735103 33580.301686 1035.000000
14561.170213 33565.177980 1035.000000
14557.158502 33560.337178 1035.000000
14541.223404 33541.050620 1035.000000
14540.664662 33540.372671 1035.000000
14538.039713 33537.186154 1035.000000
14524.252964 33520.408163 1035.000000
14521.276596 33516.776787 1035.000000
14507.922797 33500.443656 1035.000000
14501.329787 33492.504646 1035.000026
14491.431074 33480.479148 1034.999972
14481.382979 33468.241948 1035.000000
14475.055914 33460.514641 1035.000000
14461.436170 33443.832474 1035.000000
14458.762719 33440.550133 1035.000000
14447.099853 33426.201095 1035.000000
14442.546377 33420.585626 1035.000000
14441.489362 33419.281020 1035.000000
14426.406345 33400.621118 1035.000000
14421.542553 33394.686287 1035.000038
14410.071370 33380.656610 1035.000000
14401.595745 33370.266769 1035.000000
14393.818330 33360.692103 1034.999987
14381.648936 33345.669382 1035.000000
14377.655309 33340.727595 1035.000000
14361.702128 33320.932634 1035.000000
14361.565789 33320.763088 1035.000000
14361.003757 33320.064098 1035.000000
14345.547236 33300.798580 1035.000000
14341.755319 33296.129963 1035.000048
14329.358529 33280.834073 1035.000000
14321.808511 33271.499433 1035.000000
14313.229343 33260.869565 1035.000000
14301.861702 33246.747164 1035.000000
14297.159036 33240.905058 1035.000022
14281.914894 33221.918853 1035.000000
14281.130837 33220.940550 1035.000000
14277.959978 33216.982125 1035.000000
14265.164599 33200.976043 1035.000000
14261.968085 33197.023331 1035.000057
14249.045116 33181.011535 1035.000000
14242.021277 33172.293622 1035.000000
14232.977976 33161.047028 1035.000000
14222.074468 33147.453744 1035.000000
14216.973996 33141.082520 1035.000000
14202.127660 33122.491703 1035.000000
14201.026228 33121.118012 1035.000042
14196.565027 33115.550444 1035.000066
14185.050530 33101.153505 1035.000013
14182.180851 33097.604070 1035.000065
14168.923491 33081.188997 1035.000000
14162.234043 33072.894258 1035.000000
14152.839475 33061.224490 1035.000000
14142.287234 33048.087687 1035.000000
14136.812562 33041.259982 1035.000000
14122.340426 33023.171133 1035.000000
14120.842449 33021.295475 1035.000000
14114.899343 33013.847790 1035.000000
14104.928834 33001.330967 1035.000000
14102.393617 32998.184073 1035.000079
14088.751451 32981.366460 1035.000047
14082.446809 32973.586209 1035.000000
14072.577223 32961.401952 1035.000000
14062.500000 32948.937407 1035.000000
14056.445932 32941.437445 1035.000000
14042.553191 32924.193494 1035.000000
14040.364755 32921.472937 1035.000000
14031.373411 32910.283237 1035.000000
14024.333459 32901.508429 1035.000000
14022.606383 32899.379411 1035.000090
14008.159406 32881.543922 1035.000000
14002.659574 32874.748391 1035.000000
13991.890180 32861.579414 1035.000107
13982.712766 32850.338935 1035.000000
13975.586130 32841.614907 1035.000000
13962.765957 32825.896142 1035.000000
13959.307646 32821.650399 1035.000000
13944.168203 32803.036142 1035.000000
13943.071436 32801.685892 1035.000000
13942.819149 32801.378545 1035.000017
13926.703066 32781.721384 1035.000000
13922.872340 32777.046645 1035.000000
13910.358195 32761.756877 1035.000000
13902.925532 32752.662287 1035.000000
13893.901830 32741.792369 1035.000201
13882.978723 32728.617700 1035.000000
13877.338588 32721.827862 1035.000000
13863.031915 32704.583535 1035.000000
13860.777449 32701.863354 1035.000000
13849.223079 32688.042266 1035.000031
13844.092025 32681.898846 1035.000000
13843.085106 32680.694023 1035.000000
13827.421443 32661.934339 1035.000000
13823.138298 32656.798900 1035.000000
13810.781775 32641.969831 1035.000000
13803.191489 32632.850587 1035.000000
13793.971704 32622.005324 1035.000282
13783.244681 32609.375737 1035.000000
13776.992711 32602.040816 1035.000000
13763.297872 32586.094647 1035.000020
13759.849071 32582.076309 1035.000000
13743.351064 32562.858012 1035.000000
13742.710881 32562.111801 1035.000000
13738.825864 32557.582586 1035.000000
13725.594309 32542.147294 1035.000000
13723.404255 32539.591031 1035.000000
13708.499312 32522.182786 1035.000000
13703.457447 32516.289800 1035.000000
13691.132887 32502.218279 1035.000235
13683.510638 32493.575636 1035.000056
13673.477511 32482.253771 1035.000000
13663.563830 32471.073107 1035.000000
13655.777803 32462.289264 1035.000000
13643.617021 32448.565172 1035.000000
13638.089182 32442.324756 1035.000000
13623.670213 32426.041329 1035.000000
13620.411637 32422.360248 1035.000000
13603.723404 32403.501562 1035.000000
13602.724968 32402.395741 1035.000121
13592.733859 32391.396444 1035.000291
13584.590795 32382.431233 1035.000023
13583.776596 32381.535556 1035.000000
13566.359128 32362.466726 1035.000000
13563.829787 32359.697588 1035.000000
13548.123416 32342.502218 1035.000000
13543.882979 32337.859797 1035.000000
13529.887568 32322.537711 1035.000000
13523.936170 32316.022184 1035.000000
13511.651585 32302.573203 1035.000000
13503.989362 32294.227101 1035.000047
13493.114167 32282.608696 1035.000254
13484.042553 32272.927127 1035.000000
13474.357282 32262.644188 1035.000000
13464.095745 32251.753011 1035.000000
13455.544304 32242.679681 1035.000000
13444.148936 32230.592842 1035.000000
13436.719629 32222.715173 1035.000000
13424.202128 32209.446605 1035.000000
13417.883247 32202.750665 1035.000000
13404.255319 32188.372769 1035.000020
13398.866737 32182.786158 1035.000382
13384.308511 32167.711223 1035.000000
13379.561567 32162.821650 1035.000000
13364.361702 32147.174547 1035.000000
13360.165235 32142.857143 1035.000000
13344.414894 32126.662685 1035.000000
13340.746076 32122.892635 1035.000000
13324.468085 32106.175591 1035.000000
13321.304050 32102.928128 1035.000000
13304.521277 32085.764684 1035.000008
13301.772260 32082.963620 1035.000046
13284.574468 32065.462784 1035.000000
13282.149399 32062.999113 1035.000000
13264.627660 32045.212719 1035.000000
13262.480260 32043.034605 1035.000000
13244.680851 32024.995063 1035.000000
13242.780007 32023.070098 1035.000000
13224.734043 32004.809741 1035.000000
13223.048567 32003.105590 1035.000000
13204.787234 31984.690934 1035.000003
13203.261386 31983.141083 1034.999932
13184.840426 31964.453704 1035.000000
13183.583562 31963.176575 1035.000000
13164.893617 31944.202771 1035.000000
13163.916849 31943.212067 1035.000000
13144.946809 31923.989087 1035.000000
13144.214373 31923.247560 1035.000000
13125.000000 31903.812551 1035.000000
13124.476036 31903.283052 1035.000000
13105.053191 31883.690582 1035.000000
13104.686014 31883.318545 1034.999989
13085.106383 31863.502949 1035.000000
13084.959368 31863.354037 1035.000000
13071.994146 31850.230165 1035.000000
13065.229511 31843.389530 1035.000000
13065.159574 31843.318832 1035.000000
13045.460536 31823.425022 1035.000000
13045.212766 31823.175052 1035.000000
13025.652327 31803.460515 1035.000000
13025.265957 31803.071494 1035.000000
13005.803711 31783.496007 1035.000000
13005.319149 31783.009138 1035.000000
12985.971056 31763.531500 1034.999996
12985.372340 31762.929404 1035.000000
12966.119409 31743.566992 1035.000000
12965.425532 31742.869896 1035.000000
12946.227195 31723.602484 1035.000000
12945.478723 31722.852101 1035.000000
12926.293641 31703.637977 1035.000000
12925.531915 31702.875092 1034.999996
12906.338851 31683.673469 1035.000000
12905.585106 31682.920027 1035.000000
12886.385338 31663.708962 1034.999997
12885.638298 31662.962282 1035.000000
12866.406098 31643.744454 1035.000000
12865.691489 31643.031141 1035.000000
12846.384678 31623.779947 1035.000000
12845.744681 31623.142473 1035.000000
12826.320339 31603.815439 1035.000000
12825.797872 31603.295035 1034.999994
12806.255265 31583.850932 1035.000000
12805.851064 31583.449006 1035.000000
12786.178126 31563.886424 1034.999999
12785.904255 31563.614389 1035.000000
12766.066228 31543.921917 1035.000000
12765.957447 31543.814052 1035.000000
12755.076579 31533.031394 1035.000000
12746.010638 31524.057131 1035.000000
12745.909847 31523.957409 1035.000000
12726.063830 31504.343482 1035.000000
12725.708707 31503.992902 1035.000000
12706.117021 31484.612829 1034.999997
12705.525223 31484.028394 1035.000002
12686.170213 31464.920703 1035.000000
12685.301118 31464.063886 1035.000000
12666.223404 31445.276660 1035.000000
12665.026564 31444.099379 1035.000000
12646.276596 31425.676367 1035.000000
12644.705961 31424.134871 1035.000000
12626.329787 31406.119678 1035.000000
12624.339153 31404.170364 1035.000000
12606.382979 31386.534415 1034.999986
12604.004144 31384.205856 1035.000029
12586.436170 31367.009523 1035.000000
12583.602043 31364.241349 1035.000000
12566.489362 31347.545128 1035.000000
12563.135801 31344.276841 1035.000000
12546.542553 31328.123143 1035.000000
12542.623660 31324.312334 1035.000000
12526.595745 31308.743431 1035.000000
12522.065465 31304.347826 1035.000000
12506.648936 31289.324748 1034.999958
12501.553509 31284.383319 1035.000103
12486.702128 31269.974081 1035.000000
12480.959664 31264.418811 1035.000000
12466.755319 31250.691527 1035.000000
12460.294503 31244.454303 1035.000000
12446.808511 31231.448304 1035.000000
12439.585551 31224.489796 1035.000000
12426.861702 31212.244290 1035.000000
12418.832668 31204.525288 1035.000000
12406.914894 31193.003027 1034.999908
12398.129522 31184.560781 1035.000160
12386.968085 31173.824536 1035.000000
12377.339342 31164.596273 1035.000000
12367.021277 31154.716466 1035.000000
12356.479082 31144.631766 1035.000000
12347.074468 31135.643556 1035.000000
12335.578585 31124.667258 1035.000000
12327.127660 31116.605710 1035.000000
12314.637734 31104.702751 1035.000000
12307.180851 31097.548359 1034.999832
12293.732443 31084.738243 1035.000121
12287.234043 31078.538863 1035.000000
12272.741548 31064.773736 1035.000000
12267.287234 31059.597348 1035.000000
12251.691853 31044.809228 1035.000000
12247.340426 31040.686368 1035.000000
12230.606282 31024.844720 1035.000000
12227.393617 31021.805848 1035.000000
12209.484742 31004.880213 1035.000000
12207.446809 31002.938768 1034.999906
12188.375855 30984.915705 1035.000020
12187.500000 30984.086214 1035.000000
12173.287386 30970.690480 1035.000000
12167.553191 30965.289533 1035.000000
12167.193906 30964.951198 1035.000000
12147.606383 30946.518359 1035.000000
12145.977591 30944.986690 1035.000000
12127.659574 30927.772641 1035.000000
12124.730609 30925.022183 1035.000000
12107.712766 30909.052327 1035.000000
12103.419443 30905.057675 1035.000173
12087.765957 30890.356645 1034.999903
12082.130348 30885.093168 1035.000000
12067.819149 30871.688791 1035.000000
12060.811206 30865.128660 1035.000000
12047.872340 30853.023081 1035.000000
12039.467630 30845.164153 1035.000000
12027.925532 30834.377346 1035.000000
12018.099578 30825.199645 1035.000000
12007.978723 30815.751554 1035.000000
11996.613884 30805.235138 1035.000239
11988.031915 30797.212743 1034.999756
11975.180794 30785.270630 1035.000000
11968.085106 30778.654299 1035.000000
11953.763980 30765.306122 1035.000000
11948.138298 30760.064639 1035.000000
11932.329604 30745.341615 1035.000000
11928.191489 30741.489158 1035.000000
11910.877643 30725.377107 1035.000000
11908.244681 30722.927839 1035.000000
11889.247416 30705.412600 1035.000028
11888.297872 30704.527599 1034.999947
11876.433222 30693.537422 1034.999821
11868.351064 30686.052595 1034.999987
11867.698255 30685.448092 1035.000000
11848.404255 30667.511182 1035.000000
11846.222733 30665.483585 1035.000000
11828.457447 30648.975436 1035.000000
11824.736993 30645.519077 1035.000000
11808.510638 30630.447875 1035.000000
11803.194342 30625.554570 1035.000230
11788.563830 30612.089760 1035.000000
11781.454197 30605.590062 1035.000000
11768.617021 30593.713161 1034.999801
11759.875030 30585.625555 1035.000000
11748.670213 30575.211168 1035.000000
11738.394670 30565.661047 1035.000000
11728.723404 30556.673020 1035.000000
11716.911856 30545.696539 1035.000000
11708.776596 30538.136836 1035.000000
11695.306018 30525.732032 1035.000221
11688.829787 30519.767897 1035.000000
11673.520834 30505.767524 1035.000000
11668.882979 30501.470258 1034.999711
11651.976291 30485.803017 1035.000000
11648.936170 30482.970422 1035.000000
11630.551552 30465.838509 1035.000000
11628.989362 30464.382585 1035.000000
11609.132498 30445.874002 1035.000000
11609.042553 30445.790154 1035.000000
11607.957940 30444.788426 1035.000048
11589.095745 30427.363669 1035.000000
11587.509820 30425.909494 1035.000000
11569.148936 30409.068574 1035.000000
11565.744613 30405.944987 1035.000000
11549.202128 30390.546547 1034.999861
11544.298487 30385.980479 1035.000000
11529.255319 30371.883714 1035.000000
11522.995750 30366.015972 1035.000000
11509.308511 30353.181449 1035.000000
11501.632411 30346.051464 1035.000353
11489.361702 30334.648860 1035.000000
11480.073089 30326.086957 1035.000000
11469.414894 30316.257428 1035.000000
11458.431799 30306.122449 1035.000000
11449.468085 30297.718548 1034.999610
11437.144361 30286.157941 1035.000000
11429.521277 30278.953821 1035.000000
11416.026384 30266.193434 1035.000000
11409.574468 30260.089444 1035.000000
11394.778119 30246.228926 1035.000229
11389.627660 30241.401085 1035.000000
11373.334500 30226.264419 1035.000000
11369.680851 30222.867529 1035.000000
11351.875499 30206.299911 1035.000000
11349.734043 30204.272482 1034.999837
11330.803415 30186.335404 1035.000000
11329.787234 30185.364338 1035.000000
11309.927289 30166.370896 1035.000000
11309.840426 30166.287759 1035.000000
11308.296631 30164.825731 1035.000074
11289.893617 30147.382079 1035.000000
11288.854453 30146.406389 1035.000000
11269.946809 30128.636019 1035.000000
11267.614719 30126.441881 1035.000000
11250.000000 30109.852653 1035.000000
11246.419858 30106.477374 1035.000000
11230.053191 30090.753675 1034.999829
11225.643574 30086.512866 1035.000000
11210.106383 30071.424918 1035.000000
11205.036520 30066.548358 1035.000239
11190.159574 30052.222658 1035.000000
11184.246814 30046.583851 1035.000000
11170.212766 30033.183565 1035.000000
11163.346949 30026.619343 1035.000000
11150.265957 30014.097552 1035.000000
11142.500868 30006.654836 1035.000000
11130.319149 29994.858377 1034.999831
11121.894928 29986.690328 1035.000000
11110.372340 29975.453652 1035.000000
11101.339219 29966.725821 1035.000416
11090.425532 29956.167157 1035.000000
11080.605625 29946.761313 1035.000000
11070.478723 29937.047623 1035.000000
11059.807683 29926.796806 1035.000000
11050.531915 29917.873624 1035.000000
11039.071292 29906.832298 1035.000000
11030.585106 29898.662324 1035.000059
11018.351628 29886.867791 1035.000000
11010.638298 29879.429347 1035.000000
10997.530725 29866.903283 1035.000355
10990.691489 29860.357976 1035.000000
10976.521849 29846.938776 1035.000000
10970.744681 29841.459040 1035.000000
10955.498789 29826.974268 1035.000000
10950.797872 29822.501059 1035.000000
10934.544701 29807.009760 1035.000000
10930.851064 29803.491398 1035.000034
10913.613109 29787.045253 1035.000000
10910.904255 29784.459996 1035.000000
10892.520832 29767.080745 1035.000089
10890.957447 29765.600413 1035.000000
10871.207233 29747.116238 1035.000000
10871.010638 29746.931934 1035.000000
10868.092299 29744.195309 1035.000000
10851.063830 29728.200008 1035.000000
10849.949564 29727.151730 1035.000000
10831.117021 29709.404312 1035.000000
10828.768618 29707.187223 1035.000000
10811.170213 29690.581614 1035.000019
10807.575210 29687.222715 1035.000175
10791.223404 29671.937668 1035.000000
10786.151847 29667.258208 1035.000000
10771.276596 29653.507821 1035.000000
10764.567451 29647.293700 1035.000000
10751.329787 29635.010220 1035.000000
10743.068476 29627.329193 1035.000000
10731.382979 29616.444491 1035.000000
10721.654415 29607.364685 1035.000000
10711.436170 29597.831367 1035.000060
10700.137690 29587.400177 1035.000578
10691.489362 29579.411151 1035.000000
10678.332850 29567.435670 1035.000000
10671.542553 29561.242696 1035.000000
10656.475443 29547.471162 1035.000000
10651.595745 29543.002213 1035.000000
10634.712534 29527.506655 1035.000000
10631.648936 29524.689273 1035.000000
10613.043511 29507.542147 1035.000000
10611.702128 29506.306112 1035.000012
10598.011346 29493.839217 1035.000514
10591.755319 29488.130861 1035.000003
10591.137735 29487.577640 1035.000000
10571.808511 29470.249141 1035.000000
10568.875116 29467.613132 1035.000000
10551.861702 29452.291947 1035.000000
10546.717708 29447.648625 1035.000000
10531.914894 29434.258053 1035.000000
10524.664766 29427.684117 1035.000000
10511.968085 29416.146968 1035.000000
10502.589127 29407.719610 1035.000503
10492.021277 29398.222959 1035.000061
10480.159794 29387.755102 1035.000000
10472.074468 29380.613024 1035.000000
10457.595818 29367.790594 1035.000000
10452.127660 29362.936928 1035.000000
10435.147277 29347.826087 1035.000000
10432.180851 29345.180247 1035.000000
10412.813287 29327.861579 1035.000000
10412.234043 29327.342430 1035.000000
10407.763456 29323.387026 1035.000232
10392.287234 29309.662035 1035.000000
10390.257756 29307.897072 1035.000000
10372.340426 29292.308456 1035.000025
10367.324812 29287.932564 1035.000000
10352.393617 29274.891836 1035.000000
10344.487892 29267.968057 1035.000000
10332.446809 29257.397157 1035.000000
10321.776056 29248.003549 1035.000000
10312.500000 29239.817996 1035.000000
10299.009586 29228.039042 1035.000545
10292.553191 29222.387790 1035.000000
10275.873774 29208.074534 1035.000000
10272.606383 29205.268871 1035.000023
10252.682539 29188.110027 1035.000000
10252.659574 29188.090225 1035.000000
10252.516719 29187.967045 1035.000000
10232.712766 29170.847525 1035.000000
10229.596101 29168.145519 1035.000000
10212.765957 29153.517682 1035.000000
10206.561678 29148.181012 1035.000304
10192.819149 29136.329780 1035.000000
10183.212068 29128.216504 1035.000000
10172.872340 29119.461257 1035.000000
10159.676004 29108.251996 1035.000000
10152.925532 29102.513295 1035.000045
10136.243331 29088.287489 1035.000000
10132.978723 29085.499928 1035.000000
10113.685439 29068.977086 1035.000000
10113.031915 29068.415938 1035.000000
10112.922215 29068.322981 1035.000005
10093.085106 29051.468850 1035.000000
10089.341642 29048.358474 1035.000000
10073.138298 29034.858611 1035.000000
10065.404437 29028.393966 1035.000000
10053.191489 29018.157324 1035.000000
10041.623402 29008.429459 1035.000000
10033.244681 29001.376231 1035.000050
10017.956365 28988.464951 1035.000000
10013.297872 28984.525038 1035.000000
9994.229422 28968.500444 1035.000059
9993.351064 28967.760257 1035.000000
9989.091660 28964.237261 1035.000000
9973.404255 28951.224633 1035.000000
9970.171735 28948.535936 1035.000000
9953.457447 28934.593375 1035.000000
9946.263323 28928.571429 1035.000000
9933.510638 28917.865650 1035.000000
9922.519679 28908.606921 1035.000000
9913.563830 28901.052062 1035.000047
9898.843864 28888.642413 1035.000155
9893.617021 28884.228038 1035.000000
9875.114294 28868.677906 1035.000000
9873.670213 28867.460493 1035.000000
9865.898084 28860.898881 1035.000000
9853.723404 28850.588366 1035.000000
9851.514408 28848.713398 1035.000000
9833.776596 28833.610676 1035.000000
9828.087458 28828.748891 1035.000000
9813.829787 28816.526429 1035.000000
9804.802363 28808.784383 1035.000102
9793.882979 28799.402053 1035.000044
9781.524581 28788.819876 1035.000000
9773.936170 28782.307236 1035.000000
9758.322893 28768.855368 1035.000000
9753.989362 28765.109278 1035.000000
9735.299914 28748.890861 1035.000000
9734.042553 28747.796087 1035.000000
9725.540513 28740.381276 1035.000000
9714.095745 28730.366498 1035.000000
9712.449364 28728.926353 1035.000015
9694.148936 28712.863439 1035.000000
9689.694386 28708.961846 1035.000000
9674.202128 28695.357914 1035.000021
9666.987913 28688.997338 1035.000000
9654.255319 28677.740753 1035.000000
9644.445044 28669.032831 1035.000000
9634.308511 28660.003226 1035.000000
9622.082100 28649.068323 1035.000000
9614.361702 28642.138740 1035.000000
9599.868775 28629.103815 1035.000097
9594.414894 28624.180744 1035.000000
9577.737791 28609.139308 1035.000000
9574.468085 28606.181064 1035.000007
9555.749188 28589.174800 1035.000000
9554.521277 28588.055649 1035.000000
9541.662503 28576.304617 1035.000000
9534.574468 28569.802740 1035.000000
9533.929554 28569.210293 1035.000000
9514.627660 28551.411494 1035.000000
9512.285173 28549.245785 1035.000013
9494.680851 28532.907426 1035.000000
9490.774290 28529.281278 1035.000000
9474.734043 28514.333292 1035.000000
9469.373813 28509.316770 1035.000000
9454.787234 28495.617414 1035.000010
9448.144425 28489.352263 1035.000000
9434.840426 28476.759888 1035.000000
9427.084237 28469.387755 1035.000000
9414.893617 28457.754584 1035.000000
9406.189805 28449.423248 1035.000035
9394.946809 28438.617972 1035.000000
9385.426525 28429.458740 1035.000000
9375.000000 28419.386034 1035.000000
9364.804541 28409.494232 1035.000000
9355.053191 28399.998768 1035.000018
9344.347649 28389.529725 1035.000000
9335.106383 28380.459341 1035.000000
9324.053753 28369.565217 1035.000000
9315.159574 28360.762087 1035.000000
9303.921031 28349.600710 1035.000033
9295.212766 28340.915851 1035.000000
9283.922634 28329.636202 1035.000000
9275.265957 28320.950308 1035.000000
9264.073376 28309.671695 1035.000000
9255.319149 28300.815835 1035.000014
9244.384590 28289.707187 1035.000000
9235.372340 28280.515732 1035.000000
9224.853808 28269.742680 1035.000000
9215.425532 28260.044481 1035.000000
9205.480988 28249.778172 1035.000022
9195.478723 28239.407191 1035.000000
9186.247354 28229.813665 1035.000000
9175.531915 28218.628241 1035.000000
9167.157476 28209.849157 1035.000000
9155.585106 28197.665136 1035.000004
9148.226399 28189.884650 1035.000000
9135.638298 28176.517556 1035.000000
9129.451386 28169.920142 1035.000000
9115.691489 28155.181496 1035.000000
9110.830866 28149.955634 1035.000008
9095.744681 28133.662563 1035.000000
9092.354036 28129.991127 1035.000000
9075.797872 28111.981564 1035.000000
9074.008256 28110.026619 1035.000000
9055.851064 28090.100038 1035.000000
9055.816650 28090.062112 1035.000000
9055.476582 28089.687297 1035.000000
9037.776622 28070.097604 1035.000000
9035.904255 28068.015967 1035.000000
9019.885619 28050.133097 1035.000000
9015.957447 28045.727471 1035.000000
9002.136850 28030.168589 1035.000019
8996.010638 28023.239724 1035.000000
8984.516337 28010.204082 1035.000000
8976.063830 28000.570649 1034.999992
8967.036498 27990.239574 1035.000000
8956.117021 27977.681064 1035.000000
8949.703910 27970.275067 1035.000000
8936.170213 27954.572020 1035.000000
8932.512413 27950.310559 1035.000000
8916.223404 27931.242972 1035.000000
8915.460029 27930.346051 1035.000001
8911.106247 27925.224354 1035.000007
8898.539875 27910.381544 1035.000013
8896.276596 27907.697228 1034.999995
8881.744210 27890.417036 1035.000000
8876.329787 27883.943900 1035.000000
8865.090259 27870.452529 1035.000000
8856.382979 27859.950225 1035.000000
8848.569366 27850.488021 1035.000000
8836.436170 27835.723485 1035.000000
8832.179943 27830.523514 1035.000000
8816.489362 27811.260265 1035.000000
8815.920225 27810.559006 1035.000001
8813.478692 27807.545665 1034.999995
8799.798286 27790.594499 1035.000022
8796.542553 27786.539384 1035.000000
8783.798247 27770.629991 1035.000000
8776.595745 27761.594463 1035.000000
8767.917998 27750.665484 1035.000000
8756.648936 27736.402719 1035.000000
8752.161524 27730.700976 1035.000000
8736.702128 27710.960473 1035.000000
8736.527384 27710.736469 1035.000000
8735.909218 27709.942856 1034.999997
8721.034131 27690.771961 1035.000000
8716.755319 27685.222678 1035.000000
8705.678801 27670.807453 1035.000018
8696.808511 27659.205620 1035.000000
8690.426548 27650.842946 1035.000000
8676.861702 27632.978708 1035.000000
8675.272978 27630.878438 1035.000000
8670.354076 27624.365038 1035.000000
8660.234371 27610.913931 1035.000000
8656.914894 27606.479235 1034.999976
8645.334285 27590.949423 1035.000000
8636.968085 27579.650422 1035.000000
8630.575860 27570.984916 1035.000000
8617.021277 27552.516171 1035.000000
8615.927084 27551.020408 1035.000002
8612.947364 27546.942881 1035.000008
8601.380865 27531.055901 1035.000032
8597.074468 27525.116800 1035.000000
8586.914377 27511.091393 1035.000000
8577.127660 27497.481447 1034.999945
8572.575011 27491.126886 1035.000000
8561.311819 27475.297011 1035.000000
8558.380724 27471.162378 1035.000000
8557.180851 27469.468017 1035.000000
8544.289873 27451.197870 1035.000000
8537.234043 27441.145909 1035.000000
8530.301333 27431.233363 1035.000000
8517.287234 27412.528501 1035.000000
8516.413560 27411.268855 1035.000002
8514.450779 27408.429884 1034.999985
8502.653262 27391.304348 1035.000032
8497.340426 27383.532655 1035.000000
8489.008134 27371.339840 1035.000000
8477.393617 27354.254874 1035.000000
8475.443044 27351.375333 1035.000000
8471.356294 27345.332653 1035.000000
8461.974151 27331.410825 1035.000000
8457.446809 27324.668147 1035.000000
8448.600436 27311.446318 1035.000000
8437.500000 27294.720444 1034.999964
8435.358168 27291.481810 1035.000000
8431.231589 27285.207838 1035.000000
8422.258308 27271.517303 1035.000000
8417.553191 27264.312453 1035.000000
8409.245180 27251.552795 1035.000019
8397.606383 27233.581862 1035.000000
8396.314828 27231.588287 1035.000000
8393.939289 27227.917939 1035.000000
8383.429606 27211.623780 1035.000000
8377.659574 27202.610184 1034.999917
8370.673345 27191.659272 1035.000000
8358.652476 27172.635309 1035.000000
8358.060181 27171.694765 1035.000000
8357.712766 27171.142941 1035.000000
8345.532322 27151.730257 1035.000000
8337.765957 27139.285541 1035.000000
8333.088903 27131.765750 1035.000000
8325.443783 27119.432642 1035.000000
8320.729075 27111.801242 1035.000000
8317.819149 27107.064559 1034.999953
8308.490139 27091.836735 1035.000024
8297.872340 27074.320447 1035.000000
8296.386265 27071.872227 1035.000000
8294.091772 27068.088304 1035.000000
8284.312351 27051.907720 1035.000000
8277.925532 27041.293775 1035.000000
8272.317317 27031.943212 1035.000000
8263.974042 27017.979342 1035.000000
8260.400393 27011.978705 1035.000000
8257.978723 27007.891480 1034.999961
8248.601910 26992.014197 1035.000000
8238.031915 26973.923222 1035.000000
8236.940781 26972.049689 1035.000000
8235.418481 26969.433936 1035.000000
8225.354257 26952.085182 1035.000000
8218.085106 26939.494306 1035.000000
8213.839419 26932.120674 1035.000010
8208.102093 26922.128803 1035.000024
8202.394007 26912.156167 1035.000038
8198.138298 26904.675646 1034.999934
8191.022397 26892.191659 1035.000000
8181.779941 26875.818788 1035.000000
8179.758799 26872.227152 1035.000000
8178.191489 26869.439211 1035.000000
8168.565313 26852.262644 1035.000000
8158.244681 26833.744168 1035.000000
8157.441286 26832.298137 1035.000000
8156.436056 26830.487907 1035.000000
8146.386074 26812.333629 1035.000000
8138.297872 26797.595165 1034.999920
8135.438729 26792.369122 1035.000000
8132.036021 26786.101714 1035.000000
8124.622240 26772.404614 1035.000000
8118.351064 26760.773611 1035.000000
8113.869481 26752.440106 1035.000010
8108.676164 26742.756622 1035.000021
8103.179084 26732.475599 1035.000032
8098.404255 26723.519275 1035.000000
8092.523118 26712.511091 1035.000000
8085.871639 26699.967355 1034.999875
8081.948482 26692.546584 1035.000000
8078.457447 26685.885107 1035.000000
8071.506535 26672.582076 1035.000000
8063.951949 26658.063708 1035.000000
8061.126465 26652.617569 1035.000000
8058.510638 26647.567686 1035.000000
8050.807723 26632.653061 1035.000000
8042.642229 26616.770571 1035.000000
8040.549766 26612.688554 1035.000000
8038.563830 26608.793265 1034.999959
8030.395218 26592.724046 1035.000000
8022.140646 26576.286289 1035.000000
8020.374741 26572.759539 1035.000000
8018.617021 26569.245547 1035.000000
8010.408741 26552.795031 1035.000017
8002.296807 26536.460336 1035.000033
8000.499405 26532.830524 1035.000037
7998.670213 26529.132607 1035.000000
7990.600132 26512.866016 1035.000000
7982.783687 26496.965394 1034.999919
7980.791644 26492.901508 1035.000000
7978.723404 26488.641831 1035.000000
7971.119563 26472.937001 1035.000000
7964.029197 26458.229755 1035.000000
7961.501785 26452.972493 1035.000000
7958.776596 26447.295113 1035.000000
7951.937855 26433.007986 1035.000000
7945.694274 26419.914056 1035.000000
7942.427321 26413.043478 1035.000000
7938.829787 26405.425357 1034.999913
7933.015561 26393.078971 1035.000000
7927.951725 26382.191256 1035.000000
7923.741701 26373.114463 1035.000000
7918.882979 26362.610915 1035.000000
7914.516803 26353.149956 1035.000008
7910.785543 26345.045335 1035.000016
7905.340274 26333.185448 1035.000026
7898.936170 26319.187938 1035.000000
7896.194745 26313.220941 1035.000000
7893.888313 26308.168604 1034.999943
7887.099062 26293.256433 1035.000000
7878.989362 26275.191532 1035.000000
7878.138851 26273.291925 1035.000000
7877.448798 26271.749995 1035.000000
7869.226033 26253.327418 1035.000000
7861.410091 26235.732549 1035.000000
7860.360234 26233.362910 1035.000000
7859.042553 26230.386666 1035.000000
7851.541082 26213.398403 1035.000000
7845.688479 26200.032480 1034.999869
7842.806673 26193.433895 1035.000000
7839.095745 26184.842617 1035.000000
7834.195862 26173.469388 1035.000000
7830.498024 26164.864039 1035.000000
7825.629408 26153.504880 1035.000000
7819.148936 26138.333209 1035.000000
7817.106282 26133.540373 1035.000004
7815.589631 26129.977909 1035.000006
7808.624660 26113.575865 1035.000018
7800.957543 26095.368331 1035.000000
7800.219572 26093.611358 1035.000033
7799.202128 26091.167156 1035.000000
7791.867768 26073.646850 1035.000000
7786.612838 26061.046390 1035.000000
7783.549381 26053.682343 1035.000000
7779.255319 26043.337251 1035.000000
7775.272413 26033.717835 1035.000000
7772.463554 26026.920044 1035.000000
7767.036556 26013.753327 1035.000000
7759.308511 25994.853029 1034.999980
7758.874445 25993.788820 1035.000000
7758.579612 25993.059274 1035.000000
7750.825092 25973.824312 1035.000000
7745.125517 25959.628734 1035.000000
7742.814907 25953.859805 1035.000000
7739.361702 25945.222999 1035.000000
7734.843604 25933.895297 1035.000000
7731.852886 25926.379818 1035.000000
7726.910900 25913.930790 1035.000000
7719.414894 25894.896398 1034.999981
7719.049388 25893.966282 1035.000000
7718.816264 25893.367121 1035.000001
7711.299424 25874.001775 1035.000011
7706.175983 25860.751117 1035.000018
7703.586186 25854.037267 1035.000022
7699.468085 25843.339328 1035.000000
7695.875203 25834.072760 1035.000000
7693.603304 25828.202775 1035.000000
7688.160969 25814.108252 1035.000000
7681.132821 25795.756719 1034.999965
7680.516530 25794.143744 1035.000000
7679.521277 25791.509547 1035.000000
7672.988535 25774.179237 1035.000000
7669.050688 25763.699358 1035.000000
7665.494956 25754.214729 1035.000000
7659.574468 25738.376470 1035.000000
7658.035556 25734.250222 1035.000000
7657.120035 25731.793611 1035.000000
7650.610103 25714.285714 1035.000000
7645.365569 25700.064208 1034.999871
7643.252479 25694.321207 1035.000000
7639.627660 25684.335450 1035.000000
7636.013443 25674.356699 1035.000000
7633.963803 25668.687817 1035.000000
7628.806555 25654.392192 1035.000000
7622.724278 25637.473812 1035.000000
7621.631600 25634.427684 1035.000000
7619.680851 25628.984333 1035.000000
7614.487593 25614.463177 1035.000004
7611.625109 25606.400287 1034.999932
7607.409071 25594.498669 1035.000010
7600.834167 25575.635262 1035.000015
7600.451203 25574.534161 1035.000015
7599.734043 25572.471471 1035.000000
7593.453626 25554.569654 1035.000000
7590.070320 25544.897357 1035.000000
7586.477833 25534.605146 1035.000000
7579.787234 25515.376694 1035.000000
7579.531665 25514.640639 1035.000000
7579.396610 25514.249669 1034.999996
7572.649479 25494.676131 1035.000000
7568.986263 25483.865576 1035.000000
7565.890819 25474.711624 1035.000000
7559.840426 25456.768858 1035.000000
7559.160093 25454.747116 1035.000000
7558.814745 25453.720526 1035.000000
7552.457126 25434.782609 1035.000000
7548.738311 25423.670643 1035.000000
7545.781749 25414.818101 1035.000000
7539.893617 25397.048229 1034.999941
7539.167899 25394.853594 1035.000000
7538.816983 25393.776005 1035.000000
7532.678800 25374.889086 1035.000000
7529.215754 25364.201748 1035.000000
7526.215661 25354.924579 1035.000000
7519.946809 25335.483620 1035.000000
7519.778324 25334.960071 1035.000000
7519.698280 25334.711322 1035.000000
7513.366637 25314.995563 1035.000000
7510.287321 25305.327505 1034.999910
7507.014342 25295.031056 1035.000000
7501.145985 25276.213550 1035.000000
7500.788978 25275.066548 1035.000000
7500.000000 25272.530792 1035.000000
7494.517425 25255.102041 1035.000000
7492.006931 25247.101879 1035.000000
7488.259617 25235.137533 1035.000000
7482.920210 25218.042588 1035.000000
7482.025642 25215.173026 1035.000000
7480.053191 25208.805345 1034.999941
7475.849398 25195.208518 1035.000000
7474.017786 25189.167757 1035.000000
7469.803785 25175.244011 1035.000000
7465.366797 25160.544585 1035.000000
7463.780476 25155.279503 1035.000000
7460.106383 25143.065294 1035.000000
7457.779348 25135.314996 1035.000000
7456.781048 25131.986710 1035.000000
7451.800279 25115.350488 1035.000000
7448.288041 25103.521660 1034.999890
7445.876783 25095.385980 1035.000000
7440.159574 25075.674502 1035.000000
7440.086315 25075.421473 1035.000000
7440.056425 25075.318232 1035.000000
7434.316427 25055.456965 1035.000000
7431.946694 25047.236798 1035.000000
7428.567009 25035.492458 1035.000000
7423.893630 25019.212080 1035.000000
7422.837951 25015.527950 1035.000000
7420.212766 25006.312769 1034.999931
7417.155919 24995.563443 1035.000000
7415.969745 24991.316656 1035.000000
7411.587142 24975.598935 1035.000000
7408.259029 24963.634591 1035.000000
7406.037440 24955.634428 1035.000000
7400.598864 24936.003122 1035.000000
7400.506713 24935.669920 1035.000000
7400.265957 24934.799300 1035.000000
7394.918491 24915.705413 1035.000016
7392.850645 24908.283520 1034.999980
7389.361950 24895.740905 1035.000010
7385.231285 24880.692892 1035.000005
7383.883930 24875.776398 1035.000004
7380.319149 24862.749295 1035.000000
7378.423516 24855.811890 1035.000000
7377.710685 24853.201112 1035.000000
7372.980291 24835.847382 1035.000000
7370.235328 24825.754614 1035.000000
7367.554869 24815.882875 1035.000000
7362.825035 24798.373239 1034.999958
7362.162984 24795.918367 1035.000000
7360.372340 24789.196928 1035.000000
7356.849896 24775.953860 1035.000000
7355.574433 24771.151696 1035.000000
7351.553686 24755.989352 1035.000000
7348.376750 24743.983118 1035.000000
7346.274273 24736.024845 1035.000000
7341.221179 24716.856690 1035.000000
7341.011577 24716.060337 1035.000000
7340.425532 24713.826671 1034.999990
7335.780821 24696.095830 1035.000000
7334.161238 24689.825977 1035.000000
7330.629175 24676.131322 1035.000000
7327.229836 24662.923918 1035.000000
7325.493356 24656.166815 1035.000000
7320.478723 24636.614032 1035.000000
7320.373292 24636.202307 1035.000000
7320.336959 24636.060417 1035.000000
7315.268910 24616.237799 1035.000000
7313.489167 24609.242041 1034.999971
7310.194898 24596.273292 1035.000000
7306.757637 24582.540031 1035.000000
7305.200353 24576.308784 1035.000000
7300.531915 24557.593992 1035.000000
7300.215663 24556.344277 1035.000028
7300.108409 24555.920396 1035.000038
7295.171344 24536.379769 1035.000036
7293.361693 24529.203185 1035.000031
7290.141810 24516.415262 1035.000023
7286.663695 24502.534736 1034.999959
7285.141420 24496.450754 1035.000011
7280.585106 24477.961720 1035.000000
7280.221858 24476.486247 1035.000000
7280.103105 24476.003817 1035.000000
7275.314266 24456.521739 1035.000000
7273.598654 24449.529087 1035.000000
7270.420584 24436.557232 1035.000000
7267.126534 24423.086717 1035.000000
7265.540754 24416.592724 1035.000000
7260.704527 24396.694504 1034.999999
7260.688438 24396.628217 1035.000000
7260.638298 24396.418704 1035.000000
7255.917024 24376.663709 1035.000000
7254.436075 24370.455983 1035.000000
7251.158677 24356.699201 1035.000000
7248.197496 24344.247360 1035.000000
7246.413346 24336.734694 1035.000000
7241.988236 24318.068083 1035.000000
7241.680976 24316.770186 1035.000000
7240.691489 24312.577381 1034.999984
7236.974477 24296.805679 1035.000000
7235.850711 24291.960605 1035.000000
7232.348546 24276.841171 1035.000000
7229.836194 24265.976244 1035.000000
7227.734830 24256.876664 1035.000000
7223.848509 24240.018739 1035.000000
7223.133281 24236.912156 1035.000000
7220.744681 24226.528056 1035.000000
7218.543852 24216.947649 1035.000000
7217.889731 24214.090165 1034.999990
7213.978800 24196.983141 1035.000000
7212.014850 24188.245564 1035.000000
7209.494579 24177.018634 1035.000000
7206.241238 24162.502322 1035.000000
7205.021761 24157.054126 1035.000000
7200.797872 24138.153991 1035.000000
7200.556024 24137.089618 1035.000025
7200.484839 24136.776307 1035.000032
7196.025673 24117.125111 1035.000064
7194.631045 24110.952811 1035.000038
7191.518605 24097.160603 1035.000045
7188.872085 24085.224235 1035.000034
7187.094261 24077.196096 1035.000027
7183.199823 24059.582431 1035.000010
7182.680676 24057.231588 1035.000008
7180.851064 24048.941226 1035.000000
7178.275871 24037.267081 1035.000000
7177.547061 24033.960146 1035.000000
7173.880375 24017.302573 1035.000000
7171.920963 24008.364548 1034.999972
7169.506629 23997.338066 1035.000000
7166.395784 23982.869959 1035.000000
7165.215364 23977.373558 1035.000000
7160.942280 23957.447109 1035.000000
7160.934129 23957.409051 1035.000000
7160.904255 23957.269580 1035.000000
7156.662889 23937.444543 1035.000000
7155.509391 23932.044892 1035.000000
7152.401609 23917.480035 1035.000000
7150.103791 23906.669988 1034.999969
7148.160147 23897.515528 1035.000000
7144.798718 23881.395700 1035.000000
7143.997898 23877.551020 1035.000000
7140.957447 23862.938845 1035.000000
7139.845004 23857.586513 1035.000000
7139.552939 23856.180759 1035.000000
7135.701432 23837.622005 1035.000000
7134.325917 23830.984591 1035.000000
7131.567152 23817.657498 1035.000000
7129.124643 23805.814195 1034.999968
7127.451632 23797.692990 1035.000000
7124.027266 23780.747787 1035.000000
7123.417769 23777.728483 1035.000000
7121.010638 23765.794474 1035.000000
7119.392605 23757.763975 1035.000000
7118.984157 23755.735696 1035.000000
7115.376112 23737.799468 1035.000000
7113.958076 23730.740648 1035.000000
7111.368261 23717.834960 1035.000000
7108.955493 23705.769119 1034.999970
7107.377713 23697.870453 1035.000000
7104.053744 23680.898512 1035.000000
7103.468254 23677.905945 1035.000000
7101.063830 23665.606681 1035.000000
7099.537117 23657.941437 1035.000117
7099.157221 23656.033137 1035.000115
7095.566374 23637.976930 1035.000092
7094.202374 23631.109386 1035.000083
7091.603787 23618.012422 1035.000067
7089.269103 23606.207230 1035.000026
7087.657104 23598.047915 1035.000042
7084.432182 23581.401509 1035.000021
7083.789999 23578.083407 1035.000017
7081.117021 23564.260650 1035.000000
7079.929201 23558.118900 1035.000000
7079.644214 23556.644785 1035.000000
7076.073030 23538.154392 1035.000000
7074.866162 23531.897987 1035.000000
7072.224461 23518.189885 1035.000000
7070.107390 23507.170485 1034.999978
7068.390524 23498.225377 1035.000000
7065.439075 23482.533519 1035.000000
7064.636202 23478.260870 1035.000000
7061.170213 23459.795980 1035.000000
7060.888990 23458.296362 1035.000000
7060.824017 23457.949859 1035.000000
7057.148868 23438.331854 1035.000000
7056.222184 23433.379435 1035.000000
7053.415815 23418.367347 1035.000000
7051.637243 23408.825918 1034.999983
7049.696155 23398.402839 1035.000000
7047.134149 23384.354321 1035.000000
7046.056238 23378.438332 1035.000000
7042.689801 23359.941523 1035.000000
7042.422921 23358.473824 1035.000000
7041.223404 23351.874713 1035.000000
7038.796184 23338.509317 1035.000000
7038.257479 23335.540760 1035.000000
7035.176010 23318.544809 1035.000000
7033.839679 23311.154532 1034.999988
7031.568019 23298.580302 1035.000000
7029.492387 23286.838876 1035.000000
7028.039984 23278.615794 1035.000000
7025.212529 23262.590712 1035.000000
7024.518061 23258.651287 1035.000000
7021.276596 23240.245970 1035.000000
7021.002235 23238.686779 1035.000000
7020.943592 23238.353479 1035.000000
7017.492490 23218.722272 1035.000000
7016.686907 23214.128511 1034.999993
7013.993745 23198.757764 1035.000000
7012.486600 23189.959969 1035.000000
7010.575219 23178.793256 1035.000000
7008.365501 23165.870706 1035.000000
7007.162343 23158.828749 1035.000000
7004.254307 23141.791356 1035.000000
7003.755104 23138.864241 1035.000000
7001.329787 23124.633134 1035.000000
7000.333240 23118.899734 1035.000118
7000.123749 23117.692626 1035.000141
6996.871125 23098.935226 1035.000131
6995.960837 23093.561512 1035.000123
6993.491161 23078.970719 1035.000102
6991.894164 23069.526723 1035.000089
6990.116529 23059.006211 1035.000074
6987.836779 23045.501230 1035.000055
6986.747218 23039.041704 1035.000045
6983.788645 23021.484997 1035.000020
6983.383214 23019.077196 1035.000017
6981.382979 23007.178618 1034.999988
6980.026095 22999.112689 1035.000000
6979.759088 22997.487356 1035.000000
6976.748616 22979.148181 1035.000000
6975.838468 22973.598750 1035.000000
6973.476062 22959.183673 1035.000000
6971.926274 22949.718578 1035.000000
6970.208421 22939.219166 1035.000000
6968.022475 22925.846807 1035.000000
6966.945681 22919.254658 1035.000000
6964.130025 22901.986396 1034.999986
6963.690721 22899.290151 1035.000000
6961.436170 22885.102699 1035.000000
6960.518785 22879.325643 1035.000000
6960.345473 22878.233978 1035.000000
6957.351376 22859.361136 1035.000000
6956.581112 22854.501769 1035.000000
6954.188485 22839.396628 1035.000000
6952.824331 22830.777148 1035.000000
6951.030101 22819.432121 1035.000000
6949.076703 22807.061686 1034.999992
6947.878386 22799.467613 1035.000000
6945.413432 22783.430658 1035.000000
6944.810158 22779.503106 1035.000000
6941.792636 22759.842142 1035.000000
6941.746081 22759.538598 1035.000000
6941.489362 22757.864677 1035.000000
6938.686144 22739.574091 1035.000000
6938.178668 22736.260460 1035.000000
6935.630341 22719.609583 1035.000000
6934.572101 22712.686184 1034.999997
6932.580112 22699.645075 1035.000000
6931.023267 22689.169694 1035.000000
6929.613900 22679.680568 1035.000000
6927.542112 22665.720943 1035.000000
6926.651480 22659.716060 1035.000000
6924.067089 22642.278329 1035.000000
6923.692843 22639.751553 1035.000000
6921.542553 22625.225653 1035.000000
6920.737982 22619.787045 1035.000000
6920.598220 22618.841874 1035.000000
6917.787618 22599.822538 1035.000000
6917.157287 22595.433381 1035.000000
6914.921847 22579.858030 1035.000000
6913.812141 22572.120759 1035.000000
6912.059526 22559.893523 1035.000000
6910.472483 22548.813630 1035.000000
6909.200649 22539.929015 1035.000000
6907.138297 22525.511978 1035.000000
6906.345210 22519.964508 1035.000000
6903.809568 22502.215787 1035.000000
6903.493203 22500.000000 1035.000000
6901.595745 22486.277054 1035.000000
6900.714080 22480.035492 1035.000111
6900.568938 22479.007775 1035.000130
6897.896072 22460.070985 1035.000178
6897.287899 22455.759317 1035.000172
6895.081286 22440.106477 1035.000148
6894.011946 22432.515949 1035.000136
6892.269717 22420.141970 1035.000117
6890.741063 22409.277657 1035.000100
6889.461359 22400.177462 1035.000086
6887.542351 22386.111599 1035.000064
6886.738031 22380.212955 1035.000056
6884.392226 22362.994171 1035.000030
6884.018363 22360.248447 1035.000026
6881.648936 22342.837484 1035.000000
6881.300946 22340.283940 1035.000000
6881.245990 22339.880636 1035.000000
6878.581891 22320.319432 1035.000000
6878.098174 22316.765519 1035.000000
6875.865757 22300.354925 1035.000000
6874.985970 22293.686046 1034.999994
6873.232839 22280.390417 1035.000000
6871.954926 22270.687805 1035.000000
6870.604031 22260.425909 1035.000000
6868.929050 22247.694737 1035.000000
6867.977873 22240.461402 1035.000000
6865.907218 22224.705716 1035.000000
6865.354362 22220.496894 1035.000000
6862.889421 22201.720734 1035.000000
6862.733493 22200.532387 1035.000000
6861.702128 22192.426665 1034.999993
6860.193938 22180.567879 1035.000000
6859.974251 22178.838469 1035.000000
6857.658933 22160.603372 1035.000000
6857.070671 22155.967806 1035.000000
6855.126315 22140.638864 1035.000000
6854.170678 22133.100732 1035.000000
6852.596082 22120.674357 1035.000000
6851.274266 22110.237242 1035.000000
6850.068230 22100.709849 1035.000000
6848.440144 22087.436098 1034.999995
6847.619854 22080.745342 1035.000000
6845.653851 22064.682826 1035.000000
6845.176469 22060.780834 1035.000000
6842.871816 22041.933814 1035.000000
6842.735227 22040.816327 1035.000000
6841.755319 22032.797696 1035.000000
6840.296125 22020.851819 1035.000000
6840.092947 22019.187971 1035.000000
6837.859160 22000.887311 1035.000000
6837.336328 21996.464399 1034.999984
6835.499904 21980.922804 1035.000000
6834.662725 21973.823916 1035.000000
6833.146085 21960.958296 1035.000000
6831.995020 21951.189337 1035.000000
6830.794180 21940.993789 1035.000000
6829.330103 21928.557548 1035.000000
6828.444186 21921.029281 1035.000000
6826.667969 21905.928544 1035.000000
6826.096103 21901.064774 1035.000000
6824.083021 21883.376795 1034.999997
6823.824025 21881.100266 1035.000000
6821.808511 21863.344907 1035.000000
6821.557831 21861.135759 1035.000000
6821.525715 21860.852712 1035.000000
6819.293339 21841.171251 1035.000000
6818.971389 21838.331612 1035.000000
6817.030547 21821.206744 1035.000000
6816.419502 21815.812953 1035.000000
6814.769453 21801.242236 1035.000000
6813.902555 21793.329265 1034.999983
6812.582719 21781.277728 1035.000000
6811.450263 21770.910290 1035.000000
6810.402318 21761.313221 1035.000000
6809.003372 21748.496720 1035.000000
6808.223422 21741.348713 1035.000000
6806.558606 21726.085278 1035.000000
6806.046027 21721.384206 1035.000000
6804.115965 21703.675961 1035.000000
6803.870134 21701.419698 1035.000000
6801.861702 21682.354170 1034.999999
6801.764828 21681.455191 1035.000013
6801.753150 21681.346543 1035.000014
6799.619781 21661.490683 1035.000240
6799.349752 21658.976505 1035.000236
6797.476171 21641.526176 1035.000211
6796.948373 21636.608487 1035.000203
6795.333994 21621.561668 1035.000181
6794.549011 21614.242488 1035.000171
6793.193251 21601.597161 1035.000152
6792.190566 21591.917443 1035.000121
6791.125533 21581.632653 1035.000124
6789.888744 21569.649071 1035.000108
6789.065310 21561.668146 1035.000097
6787.592252 21547.386034 1035.000077
6787.006348 21541.703638 1035.000069
6785.297507 21525.124745 1035.000046
6784.948647 21521.739130 1035.000041
6783.004508 21502.865204 1035.000015
6782.892206 21501.774623 1035.000013
6781.914894 21491.946074 1034.999980
6780.904900 21481.810115 1035.000000
6780.793460 21480.687687 1035.000000
6778.923258 21461.845608 1035.000000
6778.593387 21458.521154 1035.000000
6776.942728 21441.881100 1035.000000
6776.394834 21436.356142 1035.000000
6774.963308 21421.916593 1035.000000
6774.197800 21414.192652 1035.000000
6772.984997 21401.952085 1035.000000
6772.040340 21392.068769 1034.999979
6771.077015 21381.987578 1035.000000
6769.936181 21369.998236 1035.000000
6769.177504 21362.023070 1035.000000
6767.837509 21347.933194 1035.000000
6767.278953 21342.058563 1035.000000
6765.740133 21325.869449 1035.000000
6765.381361 21322.094055 1035.000000
6763.644050 21303.807000 1035.000000
6763.484729 21302.129547 1035.000000
6761.968085 21285.537407 1034.999992
6761.659896 21282.165040 1035.000000
6761.629028 21281.825682 1035.000000
6759.844345 21262.200532 1035.000000
6759.631745 21259.862120 1035.000000
6758.029609 21242.236025 1035.000000
6757.635548 21237.899643 1035.000000
6756.215687 21222.271517 1035.000000
6755.640434 21215.938251 1035.000000
6754.402579 21202.307010 1035.000000
6753.678389 21194.009959 1034.999970
6752.660224 21182.342502 1035.000000
6751.774774 21172.140146 1035.000000
6750.927695 21162.377995 1035.000000
6749.877903 21150.277085 1035.000000
6749.195845 21142.413487 1035.000000
6747.981925 21128.414917 1035.000000
6747.464676 21122.448980 1035.000000
6746.086839 21106.553642 1035.000000
6745.734185 21102.484472 1035.000000
6744.257071 21084.757743 1034.999994
6744.070636 21082.519965 1035.000000
6742.452843 21062.987406 1035.000000
6742.417072 21062.555457 1035.000000
6742.021277 21057.775765 1035.000000
6740.764069 21042.590949 1035.000000
6740.650492 21041.218948 1035.000000
6739.111626 21022.626442 1035.000000
6738.848867 21019.451217 1035.000000
6737.459742 21002.661934 1035.000000
6737.066246 20997.702507 1034.999956
6735.875870 20982.697427 1035.000000
6735.349686 20976.019917 1035.000000
6734.302828 20962.732919 1035.000000
6733.642170 20954.346377 1035.000000
6732.730233 20942.768412 1035.000000
6731.935224 20932.673409 1035.000000
6731.158083 20922.803904 1035.000000
6730.228848 20911.001012 1035.000000
6729.586379 20902.839397 1035.000000
6728.571753 20889.377939 1034.999980
6728.081659 20882.874889 1035.000000
6726.953567 20867.793810 1035.000000
6726.588320 20862.910382 1035.000000
6725.339698 20846.214001 1035.000000
6725.095322 20842.945874 1035.000000
6723.726261 20824.634625 1035.000000
6723.602667 20822.981366 1035.000000
6722.113255 20803.055680 1035.000000
6722.110353 20803.016859 1035.000000
6722.074468 20802.514763 1034.999991
6720.683603 20783.052351 1035.000000
6720.577403 20781.553958 1035.000000
6719.268718 20763.087844 1035.000000
6719.054526 20760.065222 1035.000000
6717.854082 20743.123336 1035.000000
6717.531960 20738.576798 1035.000000
6716.439694 20723.158829 1035.000000
6716.009704 20717.088683 1035.000000
6715.025556 20703.194321 1035.000000
6714.513859 20695.627003 1034.999957
6713.675625 20683.229814 1035.000000
6713.071919 20674.219277 1035.000000
6712.338049 20663.265306 1035.000000
6711.638295 20652.819873 1035.000000
6711.000639 20643.300799 1035.000000
6710.204875 20631.420674 1035.000000
6709.663395 20623.336291 1035.000000
6708.771660 20610.021679 1035.000000
6708.326316 20603.371783 1035.000000
6707.388197 20588.672482 1034.999981
6707.052182 20583.407276 1035.000000
6706.038166 20567.356745 1035.000000
6705.790904 20563.442768 1035.000000
6704.691838 20546.044714 1035.000000
6704.529716 20543.478261 1035.000000
6703.345621 20524.732795 1035.000000
6703.268620 20523.513753 1035.000000
6702.127660 20505.449870 1035.000000
6702.005634 20503.549246 1035.000011
6701.997690 20503.419161 1035.000010
6700.786539 20483.584738 1035.000124
6700.700274 20482.156086 1035.000132
6699.581079 20463.620231 1035.000192
6699.417289 20460.907455 1035.000190
6698.375716 20443.655723 1035.000178
6698.134420 20439.658941 1035.000175
6697.170448 20423.691216 1035.000165
6696.851667 20418.410542 1035.000161
6695.965276 20403.726708 1035.000151
6695.590426 20397.183674 1035.000094
6694.821524 20383.762201 1035.000138
6694.382916 20376.010585 1035.000133
6693.691887 20363.797693 1035.000126
6693.185480 20354.847579 1035.000120
6692.562283 20343.833185 1035.000113
6691.988084 20333.684612 1035.000107
6691.432713 20323.868678 1035.000101
6690.790728 20312.521687 1035.000094
6690.303177 20303.904170 1035.000088
6689.633313 20291.398737 1035.000050
6689.233759 20283.939663 1035.000076
6688.513835 20270.313759 1035.000069
6688.178933 20263.975155 1035.000065
6687.400098 20249.234526 1035.000056
6687.124087 20244.010648 1035.000053
6686.286338 20228.155270 1035.000044
6686.069223 20224.046140 1035.000042
6685.172556 20207.075992 1035.000032
6685.014339 20204.081633 1035.000031
6684.114889 20186.052879 1035.000013
6684.018312 20184.117125 1035.000020
6683.081657 20165.054223 1035.000010
6683.037355 20164.152618 1035.000009
6682.180851 20146.722040 1035.000000
6682.056097 20144.188110 1035.000000
6682.049630 20144.056773 1035.000000
6681.073140 20124.223602 1035.000000
6681.015722 20123.057439 1035.000000
6680.090126 20104.259095 1035.000000
6679.988431 20102.064730 1034.999964
6679.164861 20084.294587 1035.000000
6679.020750 20081.131683 1035.000000
6678.255182 20064.330080 1035.000000
6678.067584 20060.213163 1035.000000
6677.345409 20044.365572 1035.000000
6677.114309 20039.294535 1035.000000
6676.435541 20024.401065 1035.000000
6676.160926 20018.375798 1035.000000
6675.525579 20004.436557 1035.000000
6675.231063 19997.480603 1034.999933
6674.680238 19984.472050 1035.000000
6674.355834 19976.640090 1035.000000
6673.853257 19964.507542 1035.000000
6673.493023 19955.812005 1035.000000
6673.026141 19944.543035 1035.000000
6672.630059 19934.983768 1035.000000
6672.198890 19924.578527 1035.000000
6671.766942 19914.155377 1035.000000
6671.371504 19904.614020 1035.000000
6670.939412 19893.362606 1034.999955
6670.604765 19884.649512 1035.000000
6670.153374 19872.611363 1035.000000
6669.856128 19864.685004 1035.000000
6669.375430 19851.868221 1035.000000
6669.107322 19844.720497 1035.000000
6668.597295 19831.124888 1035.000000
6668.358345 19824.755989 1035.000000
6667.818969 19810.381364 1035.000000
6667.609197 19804.791482 1035.000000
6667.086526 19789.683764 1034.999975
6666.918476 19784.826974 1035.000000
6666.386049 19769.018157 1035.000000
6666.246068 19764.862467 1035.000000
6665.690014 19748.356997 1035.000000
6665.573465 19744.897959 1035.000000
6664.993763 19727.695621 1035.000000
6664.900667 19724.933452 1035.000000
6664.297296 19707.034028 1035.000000
6664.227674 19704.968944 1035.000000
6663.654893 19686.426548 1034.999993
6663.610957 19685.004437 1035.000000
6663.036824 19665.843423 1035.000000
6663.012744 19665.039929 1035.000000
6662.419900 19645.261444 1035.000000
6662.414323 19645.075421 1035.000000
6662.234043 19639.062283 1035.000000
6661.815692 19625.110914 1035.000000
6661.802746 19624.679235 1035.000000
6661.216853 19605.146406 1035.000000
6661.188304 19604.099740 1034.999984
6660.672209 19585.181899 1035.000000
6660.629918 19583.576351 1035.000000
6660.146246 19565.217391 1035.000000
6660.089690 19563.071136 1035.000000
6659.620070 19545.252884 1035.000000
6659.549231 19542.565690 1035.000000
6659.093679 19525.288376 1035.000000
6659.008539 19522.060010 1035.000000
6658.567074 19505.323869 1035.000000
6658.477815 19501.564308 1034.999945
6658.092991 19485.359361 1035.000000
6657.996318 19481.117877 1035.000000
6657.637873 19465.394854 1035.000000
6657.530524 19460.687162 1035.000000
6657.182544 19445.430346 1035.000000
6657.064504 19440.256221 1035.000000
6656.727005 19425.465839 1035.000000
6656.598259 19419.825054 1035.000000
6656.271255 19405.501331 1035.000000
6656.147586 19399.409474 1034.999925
6655.865891 19385.536823 1035.000000
6655.740143 19379.037161 1035.000000
6655.479572 19365.572316 1035.000000
6655.346124 19358.678285 1035.000000
6655.093053 19345.607808 1035.000000
6654.951893 19338.319198 1035.000000
6654.706334 19325.643301 1035.000000
6654.557451 19317.959898 1035.000000
6654.319416 19305.678793 1035.000000
6654.182820 19297.620427 1034.999936
6653.980947 19285.714286 1035.000000
6653.846702 19277.319503 1035.000000
6653.661633 19265.749778 1035.000000
6653.522113 19257.030118 1035.000000
6653.342137 19245.785271 1035.000000
6653.197333 19236.740543 1035.000000
6653.022460 19225.820763 1035.000000
6652.872362 19216.450776 1035.000000
6652.702601 19205.856256 1035.000000
6652.570206 19196.183844 1034.999944
6652.429287 19185.891748 1035.000000
6652.302804 19175.951697 1035.000000
6652.175207 19165.927240 1035.000000
6652.045365 19155.729523 1035.000000
6651.920971 19145.962733 1035.000000
6651.787764 19135.507185 1035.000000
6651.666578 19125.998225 1035.000000
6651.529999 19115.284684 1035.000000
6651.412028 19106.033718 1035.000000
6651.296974 19095.086945 1034.999951
6651.202164 19086.069210 1035.000000
6651.095764 19074.921048 1035.000000
6651.011591 19066.104703 1035.000000
6650.903279 19054.763886 1035.000000
6650.820891 19046.140195 1035.000000
6650.710665 19034.606593 1035.000000
6650.630064 19026.175688 1035.000000
6650.517920 19014.449169 1035.000000
6650.439111 19006.211180 1035.000000
6650.351062 18994.317656 1034.999956
6650.291291 18986.246673 1035.000000
6650.213939 18974.215903 1035.000000
6650.162911 18966.282165 1035.000000
6650.084671 18954.122014 1035.000000
6650.034440 18946.317657 1035.000000
6649.955311 18934.028031 1035.000000
6649.905878 18926.353150 1035.000000
6649.825858 18913.933955 1035.000000
6649.777224 18906.388642 1035.000000
6649.722789 18893.866287 1034.999959
6649.690426 18886.424135 1035.000000
6649.648083 18873.827008 1035.000000
6649.623310 18866.459627 1035.000000
6649.580708 18853.795066 1035.000000
6649.556143 18846.495120 1035.000000
6649.513283 18833.763072 1035.000000
6649.488926 18826.530612 1035.000000
6649.445805 18813.731028 1035.000000
6649.421658 18806.566105 1035.000000
6649.406723 18793.727403 1034.999957
6649.398430 18786.601597 1035.000000
6649.397382 18773.753546 1035.000000
6649.396801 18766.637090 1035.000000
6649.395751 18753.787407 1035.000000
6649.395170 18746.672582 1035.000000
6649.394119 18733.821266 1035.000000
6649.393537 18726.708075 1035.000000
6649.392486 18713.855123 1035.000000
6649.391904 18706.743567 1035.000000
6649.419936 18693.918090 1034.999955
6649.435546 18686.779059 1035.000000
6649.478248 18674.011946 1035.000000
6649.502331 18666.814552 1035.000000
6649.544846 18654.114096 1035.000000
6649.569173 18646.850044 1035.000000
6649.611500 18634.216302 1035.000000
6649.636071 18626.885537 1035.000000
6649.678211 18614.318565 1035.000000
6649.703028 18606.921029 1035.000000
6649.772055 18594.447984 1034.999952
6649.813531 18586.956522 1035.000000
6649.896210 18574.607741 1035.000000
6649.947222 18566.992014 1035.000000
6650.029084 18554.776226 1035.000000
6650.081034 18547.027507 1035.000000
6650.162077 18534.944829 1035.000000
6650.214967 18527.062999 1035.000000
6650.295189 18515.113552 1035.000000
6650.349022 18507.098492 1035.000000
6650.453051 18495.307046 1034.999948
6650.525190 18487.133984 1035.000000
6650.641123 18475.530778 1035.000000
6650.724705 18467.169476 1035.000000
6650.838770 18455.764092 1035.000000
6650.924410 18447.204969 1035.000000
6651.036602 18435.997593 1035.000000
6651.124307 18427.240461 1035.000000
6651.234620 18416.231279 1035.000000
6651.324396 18407.275954 1035.000000
6651.454487 18396.486833 1034.999942
6651.565175 18387.311446 1035.000000
6651.704634 18376.772695 1035.000000
6651.829428 18367.346939 1035.000000
6651.965568 18357.069353 1035.000000
6652.093948 18347.382431 1035.000000
6652.226757 18337.366266 1035.000000
6652.358733 18327.417924 1035.000000
6652.488202 18317.663436 1035.000000
6652.623786 18307.453416 1035.000000
6652.768192 18297.979166 1034.999933
6652.928166 18287.488909 1035.000000
6653.078663 18278.325405 1035.000000
6653.256147 18267.524401 1035.000000
6653.401488 18258.684010 1035.000000
6653.584472 18247.559894 1035.000000
6653.724643 18239.042943 1035.000000
6653.913144 18227.595386 1035.000000
6654.048127 18219.402207 1035.000000
6654.242162 18207.630878 1035.000000
6654.386521 18199.776394 1034.999923
6654.609215 18187.666371 1035.000000
6654.755675 18180.181368 1035.000000
6654.999998 18167.701863 1035.000000
6655.139101 18160.600626 1035.000000
6655.391210 18147.737356 1035.000000
6655.522930 18141.020289 1035.000000
6655.782852 18127.772848 1035.000000
6655.907166 18121.440358 1035.000000
6656.174924 18107.808341 1035.000000
6656.302393 18101.871428 1034.999941
6656.603742 18087.843833 1035.000000
6656.728622 18082.333528 1035.000000
6657.056385 18067.879326 1035.000000
6657.171352 18062.812143 1035.000000
6657.509544 18047.914818 1035.000000
6657.614565 18043.291242 1035.000000
6657.963220 18027.950311 1035.000000
6658.058261 18023.770824 1035.000000
6658.417414 18007.985803 1035.000000
6658.509081 18004.257536 1034.999963
6658.908516 17988.021295 1035.000000
6658.992326 17984.776703 1035.000000
6659.424471 17968.056788 1035.000000
6659.495359 17965.315674 1035.000000
6659.941036 17948.092280 1035.000000
6659.998957 17945.855212 1035.000000
6660.458214 17928.127773 1035.000000
6660.503122 17926.395317 1035.000000
6660.976006 17908.163265 1035.000000
6661.010001 17906.938137 1034.999988
6661.530300 17888.198758 1035.000000
6661.550167 17887.514275 1035.000000
6662.110112 17868.234250 1035.000000
6662.113614 17868.113715 1035.000000
6662.234043 17863.970143 1035.000000
6662.677716 17848.713809 1035.000000
6662.690636 17848.269743 1035.000000
6663.242472 17829.314559 1035.000000
6663.271874 17828.305235 1035.000000
6663.807884 17809.915966 1035.000000
6663.853828 17808.340728 1035.000000
6664.403943 17790.548046 1034.999985
6664.471134 17788.376220 1035.000000
6665.024107 17771.204253 1035.000000
6665.114090 17768.411713 1035.000000
6665.647633 17751.863825 1035.000000
6665.757864 17748.447205 1035.000000
6666.271904 17732.524142 1035.000000
6666.402456 17728.482697 1035.000000
6666.896921 17713.185206 1035.000000
6667.047870 17708.518190 1035.000000
6667.546419 17693.870773 1034.999965
6667.727513 17688.553682 1035.000000
6668.221093 17674.581538 1035.000000
6668.432918 17668.589175 1035.000000
6668.902994 17655.299536 1035.000000
6669.139250 17648.624667 1035.000000
6669.585730 17636.018371 1035.000000
6669.846509 17628.660160 1035.000000
6670.269303 17616.738042 1035.000000
6670.554698 17608.695652 1035.000000
6670.971191 17597.476045 1034.999942
6671.296035 17588.731145 1035.000000
6671.699064 17578.240057 1035.000000
6672.063245 17568.766637 1035.000000
6672.438345 17559.015487 1035.000000
6672.831491 17548.802130 1035.000000
6673.178553 17539.791843 1035.000000
6673.600776 17528.837622 1035.000000
6673.919688 17520.569129 1035.000000
6674.371102 17508.873114 1035.000000
6674.673958 17501.359561 1034.999932
6675.176176 17488.908607 1035.000000
6675.456902 17482.178692 1035.000000
6676.009343 17468.944099 1035.000000
6676.257002 17463.014994 1035.000000
6676.843668 17448.979592 1035.000000
6677.058126 17443.852321 1035.000000
6677.679153 17429.015084 1035.000000
6677.860276 17424.690675 1035.000000
6678.515800 17409.050577 1035.000000
6678.668479 17405.535088 1034.999972
6679.383368 17389.086069 1035.000000
6679.503235 17386.406077 1035.000000
6680.276859 17369.121562 1035.000000
6680.358550 17367.297644 1035.000000
6681.171622 17349.157054 1035.000000
6681.214980 17348.190326 1035.000000
6682.067658 17329.192547 1035.000000
6682.072528 17329.084127 1035.000000
6682.180851 17326.672534 1035.000000
6682.930030 17309.977883 1035.000006
6682.963700 17309.228039 1035.000007
6683.813557 17290.897686 1035.000003
6683.889376 17289.263531 1035.000015
6684.719745 17271.840171 1035.000022
6684.840940 17269.299024 1035.000023
6685.629054 17252.785779 1035.000030
6685.793890 17249.334516 1035.000031
6686.539570 17233.732595 1035.000037
6686.748228 17229.370009 1035.000039
6687.451295 17214.680622 1035.000045
6687.703958 17209.405501 1035.000047
6688.382254 17195.647900 1035.000013
6688.688501 17189.440994 1035.000056
6689.336298 17176.638282 1035.000061
6689.698942 17169.476486 1035.000064
6690.298860 17157.637191 1035.000069
6690.710884 17149.511979 1035.000073
6691.262717 17138.637396 1035.000077
6691.724331 17129.547471 1035.000081
6692.227873 17119.638900 1035.000086
6692.739285 17109.582964 1035.000090
6693.205518 17100.652905 1035.000032
6693.782052 17089.618456 1035.000099
6694.206243 17081.690010 1035.000102
6694.850687 17069.653949 1035.000108
6695.221079 17062.741239 1035.000111
6695.920939 17049.689441 1035.000117
6696.237298 17043.793853 1035.000119
6696.992812 17029.724933 1035.000126
6697.254903 17024.847853 1035.000128
6698.066308 17009.760426 1035.000135
6698.278515 17005.907866 1035.000111
6699.166673 16989.795918 1035.000144
6699.324819 16986.990591 1035.000145
6700.292886 16969.831411 1035.000130
6700.391020 16968.093230 1035.000123
6701.420831 16949.866903 1035.000050
6701.458689 16949.197340 1035.000047
6702.127660 16937.371737 1035.000000
6702.522772 16930.297859 1035.000000
6702.544867 16929.902396 1035.000000
6703.579857 16911.391374 1035.000000
6703.661188 16909.937888 1035.000000
6704.658299 16892.506266 1034.999984
6704.803296 16889.973381 1035.000000
6705.758364 16873.642799 1035.000000
6705.971054 16870.008873 1035.000000
6706.862824 16854.783732 1035.000000
6707.140636 16850.044366 1035.000000
6707.968826 16835.926207 1035.000000
6708.312049 16830.079858 1035.000000
6709.076372 16817.070228 1035.000000
6709.485295 16810.115350 1035.000000
6710.198549 16798.228894 1034.999949
6710.683659 16790.150843 1035.000000
6711.342091 16779.408943 1035.000000
6711.907845 16770.186335 1035.000000
6712.496365 16760.599733 1035.000000
6713.133967 16750.221828 1035.000000
6713.652260 16741.792147 1035.000000
6714.362033 16730.257320 1035.000000
6714.809781 16722.986187 1035.000000
6715.592045 16710.292813 1035.000000
6715.975353 16704.188286 1034.999964
6716.846326 16690.328305 1035.000000
6717.161422 16685.410900 1035.000000
6718.126378 16670.363798 1035.000000
6718.364673 16666.650711 1035.000000
6719.408479 16650.399290 1035.000000
6719.569625 16647.892225 1035.000000
6720.692634 16630.434783 1035.000000
6720.776281 16629.135444 1035.000000
6721.978848 16610.470275 1035.000000
6721.984736 16610.380463 1034.999999
6722.074468 16609.011768 1034.999992
6723.213827 16591.646138 1034.999993
6723.288703 16590.505768 1035.000000
6724.464330 16572.933242 1035.000000
6724.624486 16570.541260 1035.000000
6725.717883 16554.223400 1035.000000
6725.962428 16550.576752 1035.000000
6726.973217 16535.515341 1035.000000
6727.302536 16530.612245 1035.000000
6728.230335 16516.809067 1035.000000
6728.644813 16510.647737 1035.000000
6729.501752 16498.117104 1034.999953
6730.010549 16490.683230 1035.000000
6730.793947 16479.445938 1035.000000
6731.402853 16470.718722 1035.000000
6732.096459 16460.785099 1035.000000
6732.797428 16450.754215 1035.000000
6733.400829 16442.126118 1035.000000
6734.194281 16430.789707 1035.000000
6734.707059 16423.469000 1035.000000
6735.593416 16410.825200 1035.000000
6736.020846 16404.819445 1034.999968
6737.015104 16390.860692 1035.000000
6737.353732 16386.189006 1035.000000
6738.463146 16370.896185 1035.000000
6738.704181 16367.576146 1035.000000
6739.913569 16350.931677 1035.000000
6740.056561 16348.965218 1035.000000
6741.366378 16330.967169 1035.000000
6741.410874 16330.356226 1035.000000
6742.021277 16321.978292 1035.000000
6742.767125 16311.749172 1035.000000
6742.821581 16311.002662 1035.000000
6744.142137 16293.160897 1034.999986
6744.299381 16291.038154 1035.000000
6745.538848 16274.594339 1035.000000
6745.804442 16271.073647 1035.000000
6746.940011 16256.032238 1035.000000
6747.311994 16251.109139 1035.000000
6748.343180 16237.472145 1035.000000
6748.822042 16231.144632 1035.000000
6749.748358 16218.914061 1035.000000
6750.334594 16211.180124 1035.000000
6751.165211 16200.367665 1034.999947
6751.868858 16191.215617 1035.000000
6752.601663 16181.840884 1035.000000
6753.430134 16171.251109 1035.000000
6754.050572 16163.326571 1035.000000
6754.994005 16151.286602 1035.000000
6755.501552 16144.814331 1035.000000
6756.560478 16131.322094 1035.000000
6756.954609 16126.304169 1035.000000
6758.129560 16111.357587 1035.000000
6758.412625 16107.798972 1034.999984
6759.718698 16091.393079 1035.000000
6759.887046 16089.310193 1035.000000
6761.333521 16071.428571 1035.000000
6761.381083 16070.841048 1035.000000
6761.968085 16063.592364 1035.000000
6762.877252 16052.374037 1035.000000
6762.951036 16051.464064 1035.000000
6764.375557 16033.909164 1035.000000
6764.571251 16031.499556 1035.000000
6765.876002 16015.446433 1035.000000
6766.194173 16011.535049 1035.000000
6767.389735 15996.997002 1034.999969
6767.836362 15991.570541 1035.000000
6768.922262 15978.566381 1035.000000
6769.503965 15971.606034 1035.000000
6770.462658 15960.143637 1035.000000
6771.174353 15951.641526 1035.000000
6772.005246 15941.723085 1035.000000
6772.847534 15931.677019 1035.000000
6773.550029 15923.304732 1035.000000
6774.523514 15911.712511 1035.000000
6775.101949 15904.893521 1034.999973
6776.217977 15891.748004 1035.000000
6776.669859 15886.498315 1035.000000
6777.937539 15871.783496 1035.000000
6778.253490 15868.118844 1035.000000
6779.659973 15851.818988 1035.000000
6779.839364 15849.741617 1035.000000
6781.385288 15831.854481 1035.000000
6781.427483 15831.366638 1035.000000
6781.914894 15825.732831 1035.000000
6783.015952 15812.992009 1035.000010
6783.111245 15811.889973 1035.000011
6784.617614 15794.630585 1035.000011
6784.853910 15791.925466 1035.000028
6786.238010 15776.287910 1035.000041
6786.621313 15771.960958 1035.000045
6787.863405 15757.950240 1035.000056
6788.391666 15751.996451 1035.000061
6789.491089 15739.614861 1035.000072
6790.164976 15732.031943 1035.000078
6791.121067 15721.281778 1035.000087
6791.941250 15712.067436 1035.000095
6792.759205 15702.956861 1035.000070
6793.734492 15692.102928 1035.000112
6794.412903 15684.647520 1035.000118
6795.552125 15672.138421 1035.000129
6796.079581 15666.351169 1035.000134
6797.372784 15652.173913 1035.000146
6797.748588 15648.057149 1035.000149
6799.196474 15632.209406 1035.000163
6799.419929 15629.765465 1035.000165
6801.023205 15612.244898 1035.000077
6801.094072 15611.476586 1035.000068
6801.861702 15603.157394 1034.999970
6802.766093 15593.185584 1034.999995
6802.848226 15592.280390 1035.000000
6804.444255 15574.900728 1035.000000
6804.681827 15572.315883 1035.000000
6806.125609 15556.619066 1035.000000
6806.518474 15552.351375 1035.000000
6807.809306 15538.339749 1035.000000
6808.358176 15532.386868 1035.000000
6809.495352 15520.062783 1035.000000
6810.200940 15512.422360 1035.000000
6811.189655 15501.794082 1034.999967
6812.058895 15492.457853 1035.000000
6812.898717 15483.540153 1035.000000
6813.939906 15472.493345 1035.000000
6814.618678 15465.297133 1035.000000
6815.824023 15452.528838 1035.000000
6816.341011 15447.056487 1035.000000
6817.711255 15432.564330 1035.000000
6818.065721 15428.818219 1035.000000
6819.601610 15412.599823 1035.000000
6819.793855 15410.583379 1034.999994
6821.506410 15392.635315 1035.000000
6821.533008 15392.359568 1035.000000
6821.808511 15389.503769 1035.000000
6823.290423 15374.154035 1035.000000
6823.433718 15372.670807 1035.000000
6825.050232 15355.950898 1035.000000
6825.364184 15352.706300 1035.000000
6826.812440 15337.750162 1035.000000
6827.297817 15332.741792 1035.000000
6828.577052 15319.551832 1035.000000
6829.234624 15312.777285 1035.000000
6830.349554 15301.361399 1034.999970
6831.185136 15292.812777 1035.000000
6832.135935 15283.184858 1035.000000
6833.157547 15272.848270 1035.000000
6833.932017 15265.018026 1035.000000
6835.133162 15252.883762 1035.000000
6835.730514 15246.853611 1035.000000
6837.111986 15232.919255 1035.000000
6837.531430 15228.691617 1035.000000
6839.094029 15212.954747 1035.000000
6839.335844 15210.533125 1034.999994
6841.089037 15192.990240 1035.000000
6841.150160 15192.384543 1035.000000
6841.755319 15186.389273 1035.000000
6842.981264 15174.252765 1035.000000
6843.105277 15173.025732 1035.000000
6844.814793 15156.123413 1035.000000
6845.124755 15153.061224 1035.000000
6846.650751 15137.996492 1035.000000
6847.147477 15133.096717 1035.000000
6848.489142 15119.872007 1035.000000
6849.173453 15113.132209 1035.000000
6850.334610 15101.754605 1034.999974
6851.211659 15093.167702 1035.000000
6852.192718 15083.649854 1035.000000
6853.270367 15073.203194 1035.000000
6854.059977 15065.554262 1035.000000
6855.332338 15053.238687 1035.000000
6855.929667 15047.461104 1035.000000
6857.397579 15033.274179 1035.000000
6857.801793 15029.370383 1035.000000
6859.466099 15013.309672 1035.000000
6859.677678 15011.283426 1034.999993
6861.552265 14993.345164 1035.000000
6861.566641 14993.209557 1035.000000
6861.702128 14991.931641 1035.000000
6863.481385 14975.161493 1035.000000
6863.670464 14973.380657 1035.000000
6865.398590 14957.115892 1035.000000
6865.791996 14953.416149 1035.000000
6867.318260 14939.072757 1035.000000
6867.916867 14933.451642 1035.000000
6869.240398 14921.032093 1035.000000
6870.045086 14913.487134 1035.000000
6871.173106 14903.002009 1034.999955
6872.193729 14893.522626 1035.000000
6873.127831 14884.993960 1035.000000
6874.381325 14873.558119 1035.000000
6875.100277 14867.003649 1035.000000
6876.572365 14853.593611 1035.000000
6877.075244 14849.015861 1035.000000
6878.766856 14833.629104 1035.000000
6879.052737 14831.030601 1035.000000
6880.964807 14813.664596 1035.000000
6881.033222 14813.048336 1034.999997
6881.648936 14807.503518 1034.999975
6883.027491 14795.079867 1034.999997
6883.180678 14793.700089 1035.000011
6885.050453 14777.140117 1035.000024
6885.435160 14773.735581 1035.000027
6887.078231 14759.205186 1035.000039
6887.693196 14753.771074 1035.000043
6889.108589 14741.272838 1035.000053
6889.954793 14733.806566 1035.000059
6891.141532 14723.343077 1035.000067
6892.219961 14713.842059 1035.000075
6893.183203 14705.422052 1035.000048
6894.504928 14693.877551 1035.000091
6895.244875 14687.521047 1035.000096
6896.830205 14673.913043 1035.000108
6897.328169 14669.641681 1035.000111
6899.159153 14653.948536 1035.000124
6899.414100 14651.764956 1035.000126
6901.491781 14633.984028 1035.000008
6901.502674 14633.890875 1035.000008
6901.595745 14633.094957 1035.000000
6903.564758 14615.990282 1035.000000
6903.791795 14614.019521 1035.000000
6905.639222 14598.102079 1034.999963
6906.109309 14594.055013 1035.000000
6907.740441 14580.240654 1035.000000
6908.467195 14574.090506 1035.000000
6909.850975 14562.388553 1035.000000
6910.828812 14554.125998 1035.000000
6911.964179 14544.539126 1035.000000
6913.194169 14534.161491 1035.000000
6914.080059 14526.692375 1035.000000
6915.563275 14514.196983 1035.000000
6916.202242 14508.851934 1034.999980
6917.951292 14494.232476 1035.000000
6918.340929 14491.028010 1035.000000
6920.380426 14474.267968 1035.000000
6920.506681 14473.231176 1035.000000
6921.542553 14464.727886 1035.000000
6922.675162 14455.437074 1035.000000
6922.813414 14454.303461 1035.000000
6924.846378 14437.645709 1035.000000
6925.250265 14434.338953 1035.000000
6927.020332 14419.857085 1035.000000
6927.690988 14414.374445 1035.000000
6929.205122 14402.079306 1034.999955
6930.150347 14394.409938 1035.000000
6931.413339 14384.324975 1035.000000
6932.651589 14374.445430 1035.000000
6933.637295 14366.586396 1035.000000
6935.156811 14354.480923 1035.000000
6935.864045 14348.850615 1035.000000
6937.666025 14334.516415 1035.000000
6938.093594 14331.117635 1035.000000
6940.179238 14314.551908 1035.000000
6940.326689 14313.388203 1034.999996
6941.489362 14304.215970 1034.999963
6942.573144 14295.672144 1034.999990
6942.710797 14294.587400 1035.000000
6944.850872 14277.987386 1035.000000
6945.284969 14274.622893 1035.000000
6947.133310 14260.307342 1035.000000
6947.863254 14254.658385 1035.000000
6949.418609 14242.630161 1035.000000
6950.445661 14234.693878 1035.000000
6951.706773 14224.955848 1035.000000
6953.032201 14214.729370 1035.000000
6954.002348 14207.288951 1034.999975
6955.636655 14194.764862 1035.000000
6956.315838 14189.639987 1035.000000
6958.284061 14174.800355 1035.000000
6958.653697 14172.015413 1035.000000
6960.935714 14154.835847 1035.000000
6960.994479 14154.393764 1035.000000
6961.436170 14151.071461 1035.000000
6963.338187 14136.775045 1035.000000
6963.591624 14134.871340 1035.000000
6965.684827 14119.159259 1035.000000
6966.251802 14114.906832 1035.000000
6968.042222 14101.554238 1034.999957
6968.929512 14094.942325 1035.000000
6970.423981 14083.973603 1035.000000
6971.650629 14074.977817 1035.000000
6972.820109 14066.407349 1035.000000
6974.376131 14055.013310 1035.000000
6975.219225 14048.844087 1035.000000
6977.106028 14035.048802 1035.000000
6977.621336 14031.283821 1035.000000
6979.840331 14015.084295 1035.000000
6980.027216 14013.727329 1034.999996
6981.382979 14003.887614 1034.999965
6982.444285 13996.182035 1034.999995
6982.590642 13995.119787 1035.000006
6984.891951 13978.667366 1035.000019
6985.383607 13975.155280 1035.000021
6987.344529 13961.157612 1035.000032
6988.181095 13955.190772 1035.000036
6989.800161 13943.650916 1035.000045
6990.983115 13935.226264 1035.000051
6992.258854 13926.147282 1035.000058
6993.789681 13915.261757 1035.000066
6994.724250 13908.650358 1035.000051
6996.613341 13895.297249 1035.000081
6997.206077 13891.169880 1035.000084
6999.482320 13875.332742 1035.000096
6999.714809 13873.716331 1035.000097
7001.329787 13862.493861 1035.000000
7002.214823 13856.254055 1035.000000
7002.340502 13855.368234 1035.000000
7004.696598 13838.773525 1035.000000
7005.175425 13835.403727 1035.000000
7007.181457 13821.296081 1035.000000
7008.014947 13815.439219 1035.000000
7009.675796 13803.828125 1034.999964
7010.871637 13795.474712 1035.000000
7012.193530 13786.383586 1035.000000
7013.775859 13775.510204 1035.000000
7014.730055 13768.957855 1035.000000
7016.684815 13755.545697 1035.000000
7017.269731 13751.535277 1035.000000
7019.598518 13735.581189 1035.000000
7019.812562 13734.115856 1035.000000
7021.276596 13724.097873 1035.000000
7022.358554 13716.699599 1035.000000
7022.516979 13715.616681 1035.000000
7024.916382 13699.295190 1034.999961
7025.452375 13695.652174 1035.000000
7027.504176 13681.920772 1035.000000
7028.436315 13675.687666 1035.000000
7030.102128 13664.556522 1035.000000
7031.425156 13655.723159 1035.000000
7032.703309 13647.195504 1035.000000
7034.418911 13635.758651 1035.000000
7035.307724 13629.837722 1035.000000
7037.417592 13615.794144 1035.000000
7037.916999 13612.484805 1034.999991
7040.432473 13595.829636 1035.000000
7040.537673 13595.143297 1035.000000
7041.223404 13590.670451 1035.000000
7043.192472 13577.835943 1035.000000
7043.495019 13575.865129 1035.000000
7045.850572 13560.531895 1035.000000
7046.562637 13555.900621 1035.000000
7048.511981 13543.231158 1035.000000
7049.635339 13535.936114 1035.000000
7051.176703 13525.933736 1035.000000
7052.713138 13515.971606 1035.000000
7053.848237 13508.643133 1034.999980
7055.807046 13496.007098 1035.000000
7056.536699 13491.369473 1035.000000
7058.950143 13476.042591 1035.000000
7059.252587 13474.123264 1035.000000
7061.170213 13461.961079 1035.000000
7061.971861 13456.880442 1035.000000
7062.098492 13456.078083 1035.000000
7064.694524 13439.641015 1035.000000
7065.252106 13436.113576 1035.000000
7067.420584 13422.404985 1035.000000
7068.410997 13416.149068 1035.000000
7070.155006 13405.177326 1034.999972
7071.585645 13396.184561 1035.000000
7072.911391 13387.971650 1035.000000
7074.809958 13376.220053 1035.000000
7075.688410 13370.786625 1035.000000
7078.039711 13356.255546 1035.000000
7078.468900 13353.605075 1035.000000
7081.117021 13337.264629 1035.000000
7081.252766 13336.426904 1035.000001
7081.274783 13336.291038 1035.000001
7084.038187 13319.250288 1035.000012
7084.512717 13316.326531 1035.000014
7086.833275 13302.083349 1034.999989
7087.766206 13296.362023 1035.000027
7089.655390 13284.943460 1035.000035
7091.070506 13276.397516 1035.000041
7092.492176 13267.818256 1035.000046
7094.380435 13256.433008 1035.000054
7095.332519 13250.696612 1035.000058
7097.696007 13236.468500 1035.000068
7098.176422 13233.578531 1035.000070
7101.017236 13216.503993 1035.000003
7101.023908 13216.464036 1035.000003
7101.063830 13216.224966 1034.999999
7103.846210 13199.324334 1034.999969
7104.305067 13196.539485 1035.000000
7106.699592 13182.215741 1035.000000
7107.643372 13176.574978 1035.000000
7109.561994 13165.116175 1035.000000
7110.987374 13156.610470 1035.000000
7112.427978 13148.020195 1035.000000
7114.337086 13136.645963 1035.000000
7115.297552 13130.927807 1035.000000
7117.692525 13116.681455 1035.000000
7118.171825 13113.840123 1034.999994
7121.010638 13097.025605 1034.999997
7121.055244 13096.761593 1034.999999
7121.062788 13096.716948 1035.000000
7123.975919 13079.720352 1035.000000
7124.485043 13076.752440 1035.000000
7126.900353 13062.682874 1035.000000
7127.913206 13056.787933 1035.000000
7129.828464 13045.649075 1035.000000
7131.347291 13036.823425 1035.000000
7132.760257 13028.618962 1035.000000
7134.787314 13016.858917 1035.000000
7135.697683 13011.594486 1034.999989
7138.241942 12996.894410 1035.000000
7138.647783 12994.582697 1035.000000
7140.957447 12981.435507 1035.000000
7141.631039 12977.604092 1035.000000
7141.749590 12976.929902 1035.000000
7144.618062 12960.629258 1035.000000
7145.263366 12956.965395 1035.000000
7147.608858 12943.658200 1035.000000
7148.783285 12937.000887 1035.000000
7150.603433 12926.690925 1035.000000
7152.309364 12917.036380 1035.000000
7153.604368 12909.730015 1034.999985
7155.849906 12897.071872 1035.000000
7156.621295 12892.785112 1035.000000
7159.444951 12877.107365 1035.000000
7159.667976 12875.869989 1035.000000
7160.904255 12869.013407 1035.000000
7162.718526 12858.958737 1035.000000
7163.046357 12857.142857 1035.000000
7165.772950 12842.051364 1035.000000
7166.654141 12837.178350 1035.000000
7168.831254 12825.147874 1035.000000
7170.268321 12817.213842 1035.000000
7171.896449 12808.251282 1034.999983
7173.896826 12797.249335 1035.000000
7174.980536 12791.373598 1035.000000
7177.581374 12777.284827 1035.000000
7178.091615 12774.522930 1035.000000
7180.851064 12759.598118 1035.000000
7181.206494 12757.676065 1035.000001
7181.272286 12757.320319 1035.000001
7184.323997 12740.831826 1035.000010
7184.967919 12737.355812 1035.000011
7187.445482 12723.991574 1035.000018
7188.670189 12717.391304 1035.000022
7190.574205 12707.158565 1035.000009
7192.386633 12697.426797 1035.000032
7193.724215 12690.346863 1035.000036
7196.160654 12677.462289 1035.000043
7196.899117 12673.560075 1035.000045
7199.941542 12657.497782 1035.000053
7200.078102 12656.777373 1035.000048
7200.797872 12652.981074 1035.000000
7203.232462 12639.970024 1035.000000
7203.688736 12637.533274 1035.000000
7206.382447 12623.158297 1035.000000
7207.430805 12617.568767 1035.000000
7209.539766 12606.353909 1034.999981
7211.186626 12597.604259 1035.000000
7212.720193 12589.572651 1035.000000
7215.000755 12577.639752 1035.000000
7215.923651 12572.814444 1035.000000
7218.821840 12557.675244 1035.000000
7219.131224 12556.060356 1035.000000
7220.744681 12547.642482 1035.000000
7222.342918 12539.310392 1035.000000
7222.649899 12537.710736 1035.000000
7225.558740 12522.564559 1035.000000
7226.484951 12517.746229 1035.000000
7228.782231 12505.826403 1034.999980
7230.334083 12497.781721 1035.000000
7232.031886 12489.114435 1035.000000
7234.246909 12477.817214 1035.000000
7235.304818 12472.425763 1035.000000
7238.166993 12457.852706 1035.000000
7238.581991 12455.741336 1035.000000
7240.691489 12445.015332 1035.000000
7241.863413 12439.061162 1035.000000
7242.094356 12437.888199 1035.000000
7245.149089 12422.385246 1035.000000
7246.029019 12417.923691 1035.000000
7248.442179 12405.716751 1034.999982
7249.977182 12397.959184 1035.000000
7251.760871 12389.073879 1035.000000
7253.987073 12377.994676 1035.000000
7255.101477 12372.452942 1035.000000
7258.004533 12358.030169 1035.000000
7258.446452 12355.836378 1035.000000
7260.638298 12344.962268 1035.000000
7261.795805 12339.224195 1035.000000
7262.029585 12338.065661 1035.000000
7265.149540 12322.616399 1035.000000
7266.062250 12318.101154 1035.000000
7268.510560 12306.015893 1034.999983
7270.108301 12298.136646 1035.000000
7271.897303 12289.441134 1035.000000
7274.217998 12278.172138 1035.000000
7275.306819 12272.889168 1035.000000
7278.335596 12258.207631 1035.000000
7278.720839 12256.341709 1035.000000
7280.585106 12247.316887 1035.000000
7282.138915 12239.798311 1035.000003
7282.460455 12238.243123 1035.000003
7285.560961 12223.258885 1035.000008
7286.592459 12218.278616 1035.000010
7288.990065 12206.726525 1035.000000
7290.737725 12198.314108 1035.000017
7292.444089 12190.219106 1035.000020
7294.948538 12178.349601 1035.000024
7295.922721 12173.736317 1035.000026
7299.167599 12158.385093 1035.000031
7299.405995 12157.258174 1035.000032
7300.531915 12151.937534 1035.000000
7302.868859 12140.759604 1035.000000
7303.358191 12138.420586 1035.000000
7306.324337 12124.253640 1035.000000
7307.539348 12118.456078 1035.000000
7309.786479 12107.754347 1034.999988
7311.733341 12098.491571 1035.000000
7313.271744 12091.278196 1035.000000
7315.993858 12078.527063 1035.000000
7316.783956 12074.829017 1035.000000
7320.262746 12058.562555 1035.000000
7320.300851 12058.384525 1035.000000
7320.478723 12057.553526 1035.000000
7323.822436 12041.944728 1035.000000
7324.540030 12038.598048 1035.000000
7327.348719 12025.509632 1035.000000
7328.825736 12018.633540 1035.000000
7330.881315 12009.080855 1034.999991
7333.123977 11998.669033 1035.000000
7334.433942 11992.672127 1035.000000
7337.488079 11978.704525 1035.000000
7338.015873 11976.292728 1035.000000
7340.425532 11965.288982 1035.000000
7341.602629 11959.918160 1035.000000
7341.860922 11958.740018 1035.000000
7345.194220 11943.548429 1035.000000
7346.242531 11938.775510 1035.000000
7348.790652 11927.183545 1035.000000
7350.632933 11918.811003 1035.000000
7352.392991 11910.824573 1034.999994
7355.035387 11898.846495 1035.000000
7356.010748 11894.481032 1035.000000
7359.499534 11878.881988 1035.000000
7359.659286 11878.168300 1035.000000
7360.372340 11874.983373 1035.000000
7363.312780 11861.860528 1035.000000
7363.972769 11858.917480 1035.000000
7366.971237 11845.557725 1035.000000
7368.455121 11838.952972 1035.000000
7370.634667 11829.259897 1035.000000
7372.946616 11818.988465 1035.000000
7374.303741 11812.967719 1034.999996
7377.449989 11799.023957 1035.000000
7377.983969 11796.686706 1035.000000
7380.319149 11786.472162 1035.000000
7381.698989 11780.440514 1035.000001
7382.015052 11779.059450 1035.000001
7385.418772 11764.199090 1035.000004
7386.589070 11759.094942 1035.000005
7389.143647 11747.962763 1035.000007
7391.172559 11739.130435 1035.000009
7392.873622 11731.731540 1035.000010
7395.765547 11719.165927 1035.000012
7396.609035 11715.505760 1035.000011
7400.265957 11699.653272 1034.999994
7400.349838 11699.285375 1034.999999
7400.368981 11699.201420 1035.000000
7404.093164 11683.067515 1035.000000
7404.978291 11679.236912 1035.000000
7407.841753 11666.854923 1035.000000
7409.597095 11659.272405 1035.000000
7411.595435 11650.647427 1035.000000
7414.225424 11639.307897 1035.000000
7415.354217 11634.445037 1035.000000
7418.863307 11619.343390 1035.000000
7419.118184 11618.247836 1035.000000
7420.212766 11613.544327 1034.999998
7422.888333 11602.056823 1034.999993
7423.512513 11599.378882 1035.000000
7426.693287 11585.900646 1035.000000
7428.225607 11579.414374 1035.000000
7430.509340 11569.755577 1035.000000
7432.948585 11559.449867 1035.000000
7434.330625 11553.615746 1035.000000
7437.681476 11539.485359 1035.000000
7438.157151 11537.481159 1035.000000
7440.159574 11529.048814 1035.000000
7441.988925 11521.351825 1035.000000
7442.424312 11519.520852 1035.000000
7445.826690 11505.228488 1034.999996
7447.178396 11499.556344 1035.000000
7449.693407 11489.134129 1035.000000
7451.998538 11479.591837 1035.000000
7453.578286 11473.057948 1035.000000
7456.828978 11459.627329 1035.000000
7457.468546 11456.987152 1035.000000
7460.106383 11446.105859 1035.000000
7461.364194 11440.921748 1035.000000
7461.669750 11439.662822 1035.000000
7465.265238 11424.861747 1035.000000
7466.520886 11419.698314 1035.000000
7469.172030 11408.807498 1034.999998
7471.383200 11399.733807 1035.000000
7473.100601 11392.775047 1035.000000
7476.313875 11379.769299 1035.000000
7477.055745 11376.769193 1035.000000
7480.053191 11364.657568 1035.000000
7481.016424 11360.768879 1035.000000
7481.255293 11359.804791 1035.000000
7484.982648 11344.774115 1035.000000
7486.207489 11339.840284 1035.000000
7488.954425 11328.784908 1035.000000
7491.170499 11319.875776 1035.000000
7492.931838 11312.801343 1035.000000
7496.144618 11299.911269 1035.000000
7496.922120 11296.830658 1035.000000
7500.000000 11284.645831 1035.000000
7500.938785 11280.886379 1035.000000
7501.173480 11279.946761 1035.000000
7504.930730 11264.917359 1035.000000
7506.165811 11259.982254 1035.000000
7508.928213 11248.953881 1035.000000
7511.168977 11240.017746 1035.000000
7512.931241 11232.995954 1035.000000
7516.183012 11220.053239 1035.000000
7516.939824 11217.043586 1035.000000
7519.946809 11205.095286 1035.000000
7520.953970 11201.096787 1035.000000
7521.207953 11200.088731 1035.000000
7525.005413 11185.187317 1035.000000
7526.297105 11180.124224 1035.000000
7529.064757 11169.285755 1035.000000
7531.397697 11160.159716 1035.000000
7533.129817 11153.389915 1035.000000
7536.509532 11140.195209 1035.000000
7537.200555 11137.499757 1035.000000
7539.893617 11127.002667 1035.000000
7541.276979 11121.615290 1035.000000
7541.632644 11120.230701 1035.000000
7545.359098 11105.736524 1035.000000
7546.767073 11100.266193 1035.000000
7549.467042 11089.883606 1034.999999
7551.961576 11080.301686 1035.000000
7553.591496 11074.047212 1035.000000
7557.168327 11060.337178 1035.000000
7557.721989 11058.216862 1035.000000
7559.840426 11050.108684 1035.000000
7561.858278 11042.392314 1035.000000
7562.386709 11040.372671 1035.000000
7566.000374 11026.573578 1035.000000
7567.616760 11020.408163 1035.000000
7570.148285 11010.760661 1035.000000
7572.858520 11000.443656 1035.000000
7574.312651 10994.964215 1034.999996
7578.161035 10980.479148 1035.000000
7578.502928 10979.193702 1035.000000
7579.787234 10974.366654 1035.000000
7582.699756 10963.429747 1035.000000
7583.476665 10960.514641 1035.000000
7586.902508 10947.671721 1035.000000
7588.804340 10940.550133 1035.000000
7591.111192 10931.919632 1035.000000
7594.144102 10920.585626 1035.000000
7595.325818 10916.173490 1035.000000
7599.495990 10900.621118 1035.000000
7599.546759 10900.433668 1034.999998
7599.734043 10899.742209 1034.999993
7603.765286 10884.691431 1035.000011
7604.847138 10880.656610 1035.000011
7607.988624 10868.954009 1035.000009
7610.208959 10860.692103 1035.000007
7612.218081 10853.222711 1035.000006
7615.582787 10840.727595 1035.000003
7616.453415 10837.497296 1035.000002
7619.680851 10825.532714 1035.000000
7620.694507 10821.777643 1035.000000
7620.968452 10820.763088 1035.000000
7624.941077 10806.063474 1035.000000
7626.365530 10800.798580 1035.000000
7629.213660 10790.375340 1034.999995
7631.823750 10780.834073 1035.000000
7633.502850 10774.703828 1035.000000
7637.296418 10760.869565 1035.000000
7637.798810 10759.039093 1035.000000
7639.627660 10752.378865 1035.000000
7642.100783 10743.380376 1035.000000
7642.781539 10740.905058 1035.000000
7646.408780 10727.727688 1035.000000
7648.279155 10720.940550 1035.000000
7650.722808 10712.081036 1035.000000
7653.789309 10700.976043 1035.000000
7655.051652 10696.449213 1034.999991
7659.361542 10681.011535 1035.000000
7659.408094 10680.845014 1035.000000
7659.574468 10680.249911 1035.000000
7663.772221 10665.248506 1035.000000
7664.949203 10661.047028 1035.000000
7668.142508 10649.658162 1035.000000
7670.549800 10641.082520 1035.000000
7672.518962 10634.073992 1035.000000
7676.163377 10621.118012 1035.000000
7676.901594 10618.496006 1035.000000
7679.521277 10609.197827 1035.000000
7681.290414 10602.924212 1035.000000
7681.789980 10601.153505 1035.000000
7685.712328 10587.385543 1034.999996
7687.479734 10581.188997 1035.000000
7690.145105 10571.857745 1035.000000
7693.185954 10561.224490 1035.000000
7694.584934 10556.337006 1035.000000
7698.905626 10541.259982 1035.000000
7699.031085 10540.822595 1035.000000
7699.468085 10539.299259 1035.000000
7703.446452 10525.277371 1035.000024
7704.577383 10521.295475 1035.000022
7707.863913 10509.734245 1035.000017
7710.255464 10501.330967 1035.000014
7712.301600 10494.211362 1035.000000
7715.997446 10481.366460 1035.000005
7716.762473 10478.711686 1035.000004
7719.414894 10469.513696 1035.000000
7721.230956 10463.219626 1035.000000
7721.755667 10461.401952 1035.000000
7725.705027 10447.733160 1035.000000
7727.526184 10441.437445 1035.000000
7730.185371 10432.252972 1035.000000
7733.310163 10421.472937 1035.000000
7734.671997 10416.779071 1035.000000
7739.107651 10401.508429 1035.000000
7739.165295 10401.311848 1034.999998
7739.361702 10400.642086 1034.999990
7743.694478 10385.880542 1034.999996
7744.968796 10381.543922 1035.000000
7748.231831 10370.457414 1035.000000
7750.847950 10361.579414 1035.000000
7752.776300 10355.041408 1035.000000
7756.741082 10341.614907 1035.000000
7757.327208 10339.631846 1035.000000
7759.308511 10332.931896 1035.000000
7761.884563 10324.228738 1035.000000
7762.648240 10321.650399 1035.000000
7766.448376 10308.832093 1035.000000
7768.569475 10301.685892 1035.000000
7771.034768 10293.458046 1034.999988
7774.555653 10281.721384 1035.000000
7775.642333 10278.105193 1035.000000
7779.255319 10266.093511 1035.000000
7780.258617 10262.761065 1035.000000
7780.561027 10261.756877 1035.000000
7784.881514 10247.423556 1035.000000
7786.580981 10241.792369 1035.000000
7789.511034 10232.092676 1035.000000
7792.615565 10221.827862 1035.000000
7794.147186 10216.768435 1035.000000
7798.664835 10201.863354 1035.000000
7798.790795 10201.451657 1034.999995
7799.202128 10200.107376 1034.999980
7803.431582 10186.132054 1035.000030
7804.714107 10181.898846 1035.000033
7808.077400 10170.817487 1035.000025
7810.776750 10161.934339 1035.000019
7812.730628 10155.510336 1035.000015
7816.853955 10141.969831 1035.000005
7817.390422 10140.209757 1035.000004
7819.148936 10134.442934 1035.000000
7822.055679 10124.914646 1035.000000
7822.943874 10122.005324 1035.000000
7826.726840 10109.625444 1035.000000
7829.047289 10102.040816 1035.000000
7831.419820 10094.358081 1034.999984
7835.217231 10082.076309 1035.000000
7836.135160 10079.113097 1035.000000
7839.095745 10069.563230 1035.000000
7840.860005 10063.877627 1035.000000
7841.408198 10062.111801 1035.000000
7845.591599 10048.648912 1035.000000
7847.614364 10042.147294 1035.000000
7850.329950 10033.426960 1035.000000
7853.835785 10022.182786 1035.000000
7855.075069 10018.211782 1035.000000
7859.042553 10005.511932 1035.000000
7859.826967 10003.003388 1035.000000
7860.072518 10002.218279 1035.000000
7864.625135 9987.841306 1034.999989
7866.396696 9982.253771 1035.000000
7869.435642 9972.691575 1035.000000
7872.745726 9962.289264 1035.000000
7874.255000 9957.550701 1035.000000
7878.989362 9942.704828 1035.000000
7879.081307 9942.416783 1035.000000
7879.110683 9942.324756 1035.000000
7883.914572 9927.289829 1035.000000
7885.491627 9922.360248 1035.000000
7888.754807 9912.169851 1035.000000
7891.888619 9902.395741 1035.000000
7893.618898 9897.073750 1034.999962
7898.385518 9882.431233 1035.000000
7898.521118 9882.015813 1035.000000
7898.936170 9880.744415 1035.000000
7903.395897 9866.930410 1035.000048
7904.838584 9862.466726 1035.000043
7908.273776 9851.848110 1035.000033
7911.300966 9842.502218 1035.000023
7913.158525 9836.772686 1035.000018
7917.779320 9822.537711 1035.000003
7918.050154 9821.704148 1035.000003
7918.882979 9819.141451 1035.000000
7922.946575 9806.640406 1035.000000
7924.270017 9802.573203 1035.000000
7927.883787 9791.617490 1034.999975
7930.859081 9782.608696 1035.000000
7932.843465 9776.617061 1035.000000
7937.476986 9762.644188 1035.000000
7937.814335 9761.627835 1035.000000
7938.829787 9758.569302 1035.000000
7942.792246 9746.645656 1035.000000
7944.111536 9742.679681 1035.000000
7947.777208 9731.670533 1035.000000
7950.762793 9722.715173 1035.000000
7952.769230 9716.702477 1035.000000
7957.430820 9702.750665 1035.000000
7957.771462 9701.744639 1034.999981
7958.776596 9698.776907 1034.999952
7962.824227 9686.837380 1034.999988
7964.199043 9682.786158 1035.000000
7967.889604 9671.942745 1035.000000
7970.997957 9662.821650 1035.000000
7972.964232 9657.057368 1035.000000
7977.814344 9642.857143 1035.000000
7978.046104 9642.179242 1035.000000
7978.723404 9640.198469 1035.000000
7983.135231 9627.308377 1035.000000
7984.648271 9622.892635 1035.000000
7988.231624 9612.444784 1035.000000
7991.499805 9602.928128 1035.000000
7993.351890 9597.605086 1034.999953
7998.452862 9582.963620 1035.000000
7998.509184 9582.802448 1035.000000
7998.670213 9582.341663 1035.000000
8003.636091 9567.969398 1035.000059
8005.355517 9562.999113 1035.000052
8008.768684 9553.142037 1035.000039
8012.272968 9543.034605 1035.000025
8013.908435 9538.321841 1035.000019
8018.617021 9524.769275 1035.000000
8019.055067 9523.508532 1035.000000
8019.207418 9523.070098 1035.000000
8024.205779 9508.699307 1035.000000
8026.153812 9503.105590 1035.000000
8029.391697 9493.925319 1034.999963
8033.200186 9483.141083 1035.000000
8034.604146 9479.177885 1035.000000
8038.563830 9468.011113 1035.000000
8039.829972 9464.443840 1035.000000
8040.279906 9463.176575 1035.000000
8045.063139 9449.717144 1035.000000
8047.377908 9443.212067 1035.000000
8050.303658 9434.997805 1035.000000
8054.494263 9423.247560 1035.000000
8055.551538 9420.285834 1035.000000
8058.510638 9412.002602 1035.000000
8060.806790 9405.581242 1035.000000
8061.629042 9403.283052 1035.000000
8066.106386 9390.921032 1034.999973
8068.863515 9383.318545 1035.000000
8071.424470 9376.279327 1035.000000
8076.133057 9363.354037 1035.000000
8076.754558 9361.649637 1035.000000
8078.457447 9356.981611 1035.000000
8082.092202 9347.027510 1035.000000
8083.421811 9343.389530 1035.000000
8087.437413 9332.412956 1035.000000
8090.729853 9323.425022 1035.000000
8092.790200 9317.805985 1035.000000
8098.057260 9303.460515 1035.000000
8098.151320 9303.207355 1034.999995
8098.404255 9302.526634 1034.999983
8103.515456 9288.611743 1035.000053
8105.396878 9283.496007 1035.000063
8108.890515 9274.027064 1035.000046
8112.767959 9263.531500 1035.000027
8114.276146 9259.452966 1035.000020
8118.351064 9248.444131 1035.000000
8119.668186 9244.885283 1035.000000
8120.156237 9243.566992 1035.000000
8125.064437 9230.321815 1035.000000
8127.557616 9223.602484 1035.000000
8130.468136 9215.765801 1035.000000
8134.978221 9203.637977 1035.000000
8135.886324 9201.224289 1034.999957
8138.297872 9194.818255 1034.999956
8141.347277 9186.725579 1034.999988
8142.498191 9183.673469 1035.000000
8146.823260 9172.241914 1035.000000
8150.055941 9163.708962 1035.000000
8152.308865 9157.767879 1035.000000
8157.633765 9143.744454 1035.000000
8157.802122 9143.301503 1035.000000
8158.244681 9142.137245 1035.000000
8163.303042 9128.842796 1035.000000
8165.231745 9123.779947 1035.000000
8168.811635 9114.391769 1035.000000
8172.849960 9103.815439 1035.000000
8174.339160 9099.959692 1034.999932
8178.191489 9089.994811 1034.999974
8179.905225 9085.566188 1034.999993
8180.569251 9083.850932 1035.000000
8185.487862 9071.189271 1035.000000
8188.328623 9063.886424 1035.000000
8191.079558 9056.821421 1035.000000
8196.109148 9043.921917 1035.000000
8196.679143 9042.461467 1035.000000
8198.138298 9038.724132 1035.000000
8202.250981 9028.073741 1035.000087
8203.842062 9023.957409 1035.000078
8207.817918 9013.681110 1035.000056
8211.571180 9003.992902 1035.000036
8213.405876 8999.309519 1034.999958
8218.085106 8987.378259 1034.999985
8219.028352 8984.972477 1034.999996
8219.398586 8984.028394 1035.000000
8224.663996 8970.648614 1035.000000
8227.258793 8964.063886 1035.000000
8230.308095 8956.333213 1035.000000
8235.140115 8944.099379 1035.000000
8235.959984 8942.025609 1035.000000
8238.031915 8936.787463 1035.000000
8241.619672 8927.725812 1035.000000
8243.042637 8924.134871 1035.000000
8247.287171 8913.433832 1035.000000
8250.966445 8904.170364 1035.000000
8252.975894 8899.163095 1034.999934
8257.978723 8886.711620 1034.999989
8258.697253 8884.925023 1034.999997
8258.986535 8884.205856 1035.000000
8264.436123 8870.704478 1035.000000
8267.048432 8864.241349 1035.000000
8270.183498 8856.492446 1035.000000
8275.132511 8844.276841 1035.000000
8275.938882 8842.288429 1035.000000
8277.925532 8837.391919 1035.000000
8281.702285 8828.092437 1035.000000
8283.238865 8824.312334 1035.000000
8287.473715 8813.904481 1035.000000
8291.367586 8804.347826 1035.000000
8293.265778 8799.737176 1034.999928
8297.872340 8788.560353 1034.999980
8299.082137 8785.594189 1035.000056
8299.576149 8784.383319 1035.000086
8304.879023 8771.431711 1035.000078
8307.754277 8764.418811 1035.000061
8310.684762 8757.278093 1035.000043
8315.954702 8744.454303 1035.000011
8316.498450 8743.132433 1035.000008
8317.819149 8739.922760 1035.000000
8322.315721 8728.990358 1035.000000
8324.168778 8724.489796 1035.000000
8328.139645 8714.854942 1035.000000
8332.402659 8704.525288 1035.000000
8333.981699 8700.737672 1034.999936
8337.765957 8691.668511 1034.999965
8339.859484 8686.656165 1034.999990
8340.735103 8684.560781 1035.000000
8345.754810 8672.592215 1035.000000
8349.113038 8664.596273 1035.000000
8351.659928 8658.538065 1035.000000
8357.514333 8644.631766 1035.000000
8357.573199 8644.492075 1035.000000
8357.712766 8644.160890 1035.000000
8363.494633 8630.454255 1035.000000
8365.939088 8624.667258 1035.000000
8369.424238 8616.424614 1035.000000
8374.387399 8604.702751 1035.000000
8375.368015 8602.409157 1034.999962
8377.659574 8597.052268 1034.999938
8381.350581 8588.432525 1034.999981
8382.933873 8584.738243 1035.000000
8387.349757 8574.472517 1035.000000
8391.527733 8564.773736 1035.000000
8393.360290 8560.523875 1035.000000
8397.606383 8550.686749 1035.000000
8399.364652 8546.569057 1035.000091
8400.116411 8544.809228 1035.000124
8405.342304 8532.587505 1035.000087
8408.657622 8524.844720 1035.000063
8411.328058 8518.614063 1035.000044
8417.222481 8504.880213 1035.000002
8417.322519 8504.649336 1034.999998
8417.553191 8504.116999 1034.999988
8423.353973 8490.721634 1034.999969
8425.871585 8484.915705 1035.000000
8429.400171 8476.808689 1035.000000
8434.568439 8464.951198 1035.000000
8435.459490 8462.908877 1035.000000
8437.500000 8458.234178 1035.000000
8441.527102 8449.017366 1035.000000
8443.289878 8444.986690 1035.000000
8447.603018 8435.134165 1035.000000
8452.036007 8425.022183 1035.000000
8453.687246 8421.259285 1035.000000
8457.446809 8412.699355 1035.000000
8459.779797 8407.392733 1035.000000
8460.806932 8405.057675 1035.000000
8465.910324 8393.564193 1034.999953
8469.677100 8385.093168 1035.000000
8472.060003 8379.754822 1035.000000
8477.393617 8367.821092 1035.000000
8478.225616 8365.961398 1035.000000
8478.598243 8365.128660 1035.000000
8484.399785 8352.176537 1035.000000
8487.545359 8345.164153 1035.000000
8490.582519 8338.400250 1035.000000
8496.518559 8325.199645 1035.000000
8496.773829 8324.632546 1035.000000
8497.340426 8323.373977 1035.000000
8502.927151 8310.826821 1035.000117
8505.420075 8305.235138 1035.000097
8509.105053 8297.045696 1034.999998
8514.411037 8285.270630 1035.000023
8515.307446 8283.289085 1035.000016
8517.287234 8278.914695 1035.000000
8521.523611 8269.546258 1035.000000
8523.442863 8265.306122 1035.000000
8527.745714 8255.809375 1035.000000
8532.495339 8245.341615 1035.000000
8533.976284 8242.080966 1035.000000
8537.234043 8234.913632 1035.000000
8540.215330 8228.361040 1035.000000
8541.573889 8225.377107 1035.000000
8546.462861 8214.649607 1035.000000
8550.678624 8205.412600 1035.000000
8552.730320 8200.958120 1034.999927
8557.180851 8191.305501 1034.999964
8559.030028 8187.298910 1034.999989
8559.884611 8185.448092 1035.000000
8565.349691 8173.659673 1035.000000
8569.145722 8165.483585 1035.000000
8571.679859 8160.030951 1035.000000
8577.127660 8148.324003 1035.000000
8578.018779 8146.410987 1035.000000
8578.434334 8145.519077 1035.000000
8584.366457 8132.799791 1035.000000
8587.750566 8125.554570 1035.000000
8590.722906 8119.197372 1035.000000
8597.074468 8105.632895 1035.000000
8597.088028 8105.603634 1035.000001
8597.094317 8105.590062 1035.000001
8603.447431 8092.004172 1035.000076
8606.434626 8085.625555 1035.000091
8609.822734 8078.420624 1035.000062
8615.831810 8065.661047 1035.000010
8616.213127 8064.852180 1035.000007
8617.021277 8063.138218 1035.000000
8622.604814 8051.285031 1035.000000
8625.240715 8045.696539 1035.000000
8629.004145 8037.725533 1035.000000
8634.675137 8025.732032 1035.000000
8635.412209 8024.174775 1035.000000
8636.968085 8020.888757 1035.000000
8641.829013 8010.632765 1035.000000
8644.137531 8005.767524 1035.000000
8648.276839 7997.121805 1034.999923
8653.704132 7985.803017 1035.000000
8654.748331 7983.634532 1035.000000
8656.914894 7979.137531 1035.000000
8661.240636 7970.168090 1035.000000
8663.330812 7965.838509 1035.000000
8667.741961 7956.710677 1035.000000
8672.986943 7945.874002 1035.000000
8674.252317 7943.262301 1035.000000
8676.861702 7937.879890 1035.000000
8680.771711 7929.822973 1035.000000
8682.672661 7925.909494 1035.000000
8687.300155 7916.392702 1035.000000
8692.388101 7905.944987 1035.000000
8693.845342 7902.979189 1034.999950
8696.808511 7896.952756 1034.999922
8700.401415 7889.576572 1035.000117
8702.154523 7885.980479 1035.000127
8706.956566 7876.173031 1035.000085
8711.937447 7866.015972 1035.000042
8713.524727 7862.782513 1035.000028
8716.755319 7856.206434 1035.000000
8720.097518 7849.396629 1035.000000
8721.740580 7846.051464 1035.000000
8726.675066 7836.015505 1035.000000
8731.564239 7826.086957 1035.000000
8733.261685 7822.643461 1035.000000
8736.702128 7815.669660 1035.000000
8739.857386 7809.280507 1035.000000
8741.418129 7806.122449 1035.000000
8746.488537 7795.953034 1034.999927
8751.379987 7786.157941 1035.000000
8753.141137 7782.647030 1035.000000
8756.648936 7775.659947 1035.000000
8759.814299 7769.361606 1035.000000
8761.407729 7766.193434 1035.000000
8766.496844 7756.085573 1035.000000
8771.467372 7746.228926 1035.000000
8773.188783 7742.818942 1035.000000
8776.595745 7736.075469 1035.000000
8779.890124 7729.561722 1035.000000
8781.559067 7726.264419 1035.000000
8786.600879 7716.313923 1035.000000
8791.682969 7706.299911 1035.000000
8793.329455 7703.083962 1034.999945
8796.542553 7696.812926 1034.999917
8800.069024 7689.865004 1035.000130
8801.861990 7686.335404 1035.000141
8806.807348 7676.644799 1035.000093
8812.058779 7666.370896 1035.000043
8813.559351 7663.438286 1035.000028
8816.489362 7657.716061 1035.000000
8820.315233 7650.235655 1035.000000
8822.275492 7646.406389 1035.000000
8827.076275 7637.038188 1035.000000
8832.515088 7626.441881 1035.000000
8833.846753 7623.850167 1035.000000
8836.436170 7618.813668 1035.000000
8840.626678 7610.671599 1035.000000
8842.787470 7606.477374 1035.000000
8847.439544 7597.526003 1034.999908
8853.172494 7586.512866 1035.000000
8854.275667 7584.403685 1035.000000
8856.382979 7580.376717 1035.000000
8861.135374 7571.304970 1035.000000
8863.630065 7566.548358 1035.000000
8868.004849 7558.216034 1035.000000
8874.122306 7546.583851 1035.000000
8874.884104 7545.136885 1035.000000
8876.329787 7542.391894 1035.000000
8881.773147 7532.067533 1035.000000
8884.649389 7526.619343 1035.000000
8888.671989 7519.007989 1035.000000
8895.211488 7506.654836 1035.000000
8895.582675 7505.960299 1034.999987
8896.276596 7504.662105 1034.999961
8902.496363 7492.915615 1035.000084
8905.797558 7486.690328 1035.000110
8909.424982 7479.885873 1035.000072
8916.223404 7467.153985 1035.000000
8916.372271 7466.874820 1035.000000
8916.451729 7466.725821 1035.000000
8923.318671 7453.862876 1035.000000
8927.116186 7446.761313 1035.000000
8930.274891 7440.860761 1035.000000
8936.170213 7429.863654 1035.000000
8937.240942 7427.868485 1035.000000
8937.816218 7426.796806 1035.000000
8944.216832 7414.886058 1035.000000
8948.552004 7406.832298 1035.000000
8951.216311 7401.927239 1034.999908
8956.117021 7392.915613 1034.999941
8958.248262 7389.000922 1034.999979
8959.410184 7386.867791 1035.000000
8965.306005 7376.100421 1035.000000
8970.350712 7366.903283 1035.000000
8972.377012 7363.213194 1035.000000
8976.063830 7356.505173 1035.000000
8979.458188 7350.336146 1035.000000
8981.329057 7346.938776 1035.000000
8986.549543 7337.469285 1035.000000
8992.345414 7326.974268 1035.000000
8993.651086 7324.612622 1035.000000
8996.010638 7320.347217 1035.000000
9000.728796 7311.732104 1035.000184
9003.317942 7307.009760 1035.000153
9007.821958 7298.867053 1034.999980
9014.372231 7287.045253 1035.000019
9014.939656 7286.026559 1035.000012
9015.957447 7284.199779 1035.000000
9022.074110 7273.202836 1035.000000
9025.484340 7267.080745 1035.000000
9029.216884 7260.387440 1035.000000
9035.904255 7248.414772 1035.000000
9036.369805 7247.582201 1035.000000
9036.630388 7247.116238 1035.000000
9043.532885 7234.787128 1035.000000
9047.814982 7227.151730 1035.000000
9050.706131 7222.002232 1035.000000
9055.851064 7212.849816 1035.000000
9057.889554 7209.227522 1035.000000
9059.038322 7207.187223 1035.000000
9065.112275 7196.492144 1034.999904
9070.385879 7187.222715 1035.000000
9072.356174 7183.777963 1035.000000
9075.797872 7177.765785 1035.000000
9079.624699 7171.088430 1035.000000
9081.821887 7167.258208 1035.000000
9086.903728 7158.409410 1035.000000
9093.298893 7147.293700 1035.000000
9094.193269 7145.740912 1035.000000
9095.744681 7143.048428 1035.000000
9101.449762 7133.039336 1035.000200
9104.708935 7127.329193 1035.000155
9108.704716 7120.336220 1035.000098
9115.691489 7108.129155 1035.000000
9115.969297 7107.642739 1035.000000
9116.128113 7107.364685 1035.000000
9123.262845 7094.978251 1034.999919
9127.635586 7087.400177 1035.000000
9130.575402 7082.332789 1035.000000
9135.638298 7073.616550 1035.000000
9137.910228 7069.709616 1035.000000
9139.233286 7067.435670 1035.000000
9145.255507 7057.096905 1035.000000
9150.872412 7047.471162 1035.000000
9152.611246 7044.494663 1035.000000
9155.585106 7039.407743 1035.000000
9159.977455 7031.902901 1035.000000
9162.553185 7027.506655 1035.000000
9167.354145 7019.321628 1035.000000
9174.275829 7007.542147 1035.000000
9174.743422 7006.752955 1034.999986
9175.531915 7005.422411 1034.999961
9182.174539 6994.226158 1034.999926
9186.125493 6987.577640 1035.000000
9189.625861 6981.719584 1035.000000
9195.478723 6971.938709 1035.000000
9197.085897 6969.221732 1035.000088
9198.037800 6967.613132 1035.000141
9204.510110 6956.688025 1035.000176
9209.874889 6947.648625 1035.000090
9211.944814 6944.164819 1035.000056
9215.425532 6938.311483 1035.000000
9219.380760 6931.642855 1035.000000
9221.730949 6927.684117 1035.000000
9226.819000 6919.123188 1035.000000
9233.608610 6907.719610 1035.000000
9234.270540 6906.616832 1034.999980
9235.372340 6904.781719 1034.999947
9241.762380 6894.150811 1034.999926
9245.612689 6887.755102 1035.000000
9249.274877 6881.705467 1035.000000
9255.319149 6871.735590 1035.000000
9256.808687 6869.281454 1035.000000
9257.713894 6867.790594 1035.000000
9264.353267 6856.868221 1035.000000
9269.859868 6847.826087 1035.000000
9271.908627 6844.465778 1035.000000
9275.265957 6838.963713 1035.000000
9279.474776 6832.074133 1035.000000
9282.050862 6827.861579 1035.000000
9287.051724 6819.693296 1035.000000
9294.287126 6807.897072 1035.000000
9294.640963 6807.324762 1034.999990
9295.212766 6806.400037 1034.999973
9302.213150 6794.939159 1035.000155
9306.500055 6787.932564 1035.000160
9309.800320 6782.568554 1035.000099
9315.159574 6773.869357 1035.000000
9317.404165 6770.214639 1035.000000
9318.784678 6767.968057 1035.000000
9325.004679 6757.857389 1035.000000
9331.077803 6748.003549 1035.000000
9332.615865 6745.510822 1035.000000
9335.106383 6741.476878 1035.000000
9340.237733 6733.174945 1035.000000
9343.416116 6728.039042 1035.000000
9347.870290 6720.849767 1035.000000
9355.053191 6709.276209 1035.000000
9355.513546 6708.535297 1035.000000
9355.799866 6708.074534 1035.000000
9363.197766 6696.261828 1034.999900
9368.312563 6688.110027 1035.000000
9370.901211 6684.007601 1035.000000
9375.000000 6677.518505 1035.000000
9378.629825 6671.778565 1035.000000
9380.929348 6668.145519 1035.000000
9386.369496 6659.560595 1035.000000
9393.594362 6648.181012 1035.000000
9394.120233 6647.353702 1035.000000
9394.946809 6646.053582 1035.000000
9401.821788 6635.097584 1035.000275
9406.146825 6628.216504 1035.000184
9409.526859 6622.844984 1035.000113
9414.893617 6614.327102 1035.000000
9417.235682 6610.596140 1035.000000
9418.708005 6608.251996 1035.000000
9424.964183 6598.366991 1034.999872
9431.355312 6588.287489 1035.000000
9432.713109 6586.158284 1035.000000
9434.840426 6582.824089 1035.000000
9440.490772 6573.978342 1035.000000
9444.108165 6568.322981 1035.000000
9448.279352 6561.809325 1035.000000
9454.787234 6551.662729 1035.000000
9456.078857 6549.651243 1035.000000
9456.909235 6548.358474 1035.000000
9463.889295 6537.504104 1035.000000
9469.758798 6528.393966 1035.000000
9471.710675 6525.367916 1035.000000
9474.734043 6520.684130 1035.000000
9479.543003 6513.242687 1035.000000
9482.657128 6508.429459 1035.000000
9487.404578 6501.146729 1034.999869
9494.680851 6490.004618 1034.999980
9495.283779 6489.068414 1035.000032
9495.672472 6488.464951 1035.000065
9503.128618 6476.955707 1035.000277
9508.616615 6468.500444 1035.000145
9510.985447 6464.854999 1035.000088
9514.627660 6459.254820 1035.000000
9518.839159 6452.751172 1035.000000
9521.571506 6448.535936 1035.000000
9526.691574 6440.646048 1035.000000
9534.541914 6428.571429 1035.000000
9534.554756 6428.551699 1035.000000
9534.574468 6428.521413 1035.000000
9542.428711 6416.468133 1035.000000
9547.560847 6408.606921 1035.000000
9550.323819 6404.405739 1034.999925
9554.521277 6398.029821 1034.999872
9558.249194 6392.373639 1034.999949
9560.710605 6388.642413 1035.000000
9566.201110 6380.368103 1035.000000
9573.973311 6368.677906 1035.000000
9574.171140 6368.380697 1035.000000
9574.468085 6367.934613 1035.000000
9582.152315 6356.404446 1035.000000
9587.287572 6348.713398 1035.000000
9590.144643 6344.439359 1035.000000
9594.414894 6338.057898 1035.000000
9598.112436 6332.449715 1035.000260
9600.554557 6328.748891 1035.000378
9606.050223 6320.430037 1035.000228
9613.758049 6308.784383 1035.000017
9613.999653 6308.422013 1035.000003
9614.361702 6307.879042 1034.999983
9621.960377 6296.425293 1034.999890
9627.015031 6288.819876 1035.000000
9629.939083 6284.446571 1035.000000
9634.308511 6277.918324 1035.000000
9637.943502 6272.493585 1035.000000
9640.383500 6268.855368 1035.000000
9645.958881 6260.551568 1035.000000
9653.803165 6248.890861 1035.000000
9653.985228 6248.620530 1035.000000
9654.255319 6248.219518 1035.000000
9662.022551 6236.700476 1035.000000
9667.274321 6228.926353 1035.000000
9670.070856 6224.791416 1035.000000
9674.202128 6218.688954 1035.000000
9678.130151 6212.893354 1035.000000
9680.797265 6208.961846 1035.000000
9686.220057 6201.025931 1034.999855
9694.148936 6189.444732 1034.999993
9694.329004 6189.177566 1035.000011
9694.450482 6188.997338 1035.000023
9702.393333 6177.284543 1035.000364
9707.999812 6169.032831 1035.000190
9710.468961 6165.402829 1035.000113
9714.095745 6160.075519 1035.000000
9718.537095 6153.513614 1035.000000
9721.548964 6149.068323 1035.000000
9726.601039 6141.620205 1035.000000
9734.042553 6130.668457 1035.000000
9734.675769 6129.737593 1035.000000
9735.106956 6129.103815 1035.000000
9742.761292 6117.865783 1035.000000
9748.716219 6109.139308 1035.000000
9750.865027 6106.012201 1034.999944
9753.989362 6101.468799 1034.999863
9759.000315 6094.190200 1034.999924
9762.457274 6089.174800 1035.000000
9767.160257 6082.392875 1035.000000
9773.936170 6072.637564 1035.000000
9775.341409 6070.616779 1035.000000
9776.319799 6069.210293 1035.000000
9783.533747 6058.851878 1035.000000
9790.236929 6049.245785 1035.000000
9791.737277 6047.098180 1035.000000
9793.882979 6044.028393 1035.000000
9799.889140 6035.292768 1035.000475
9804.028099 6029.281278 1035.000343
9808.029595 6023.475939 1035.000203
9813.829787 6015.072389 1035.000000
9816.170074 6011.659134 1035.000000
9817.776967 6009.316770 1035.000000
9824.318486 5999.850268 1034.999823
9831.586599 5989.352263 1035.000000
9832.486440 5988.060962 1035.000000
9833.776596 5986.210111 1035.000000
9840.688444 5976.305737 1035.000000
9845.524120 5969.387755 1035.000000
9848.901491 5964.561564 1035.000000
9853.723404 5957.679006 1035.000000
9857.125587 5952.828449 1035.000000
9859.515921 5949.423248 1035.000000
9865.360739 5941.106401 1035.000000
9873.562319 5929.458740 1035.000000
9873.606953 5929.395424 1035.000000
9873.670213 5929.305689 1035.000000
9881.864236 5917.695527 1035.000000
9887.663635 5909.494232 1035.000000
9890.141482 5906.015609 1034.999932
9893.617021 5901.140416 1034.999836
9898.399224 5894.316171 1035.000312
9901.757150 5889.529725 1035.000463
9906.646777 5882.606535 1035.000271
9913.563830 5872.828777 1035.000000
9914.909642 5870.912223 1035.000000
9915.855812 5869.565217 1035.000000
9923.148875 5859.194260 1035.000000
9929.908267 5849.600710 1035.000000
9931.399049 5847.487247 1035.000000
9933.510638 5844.495150 1035.000000
9939.660170 5835.791191 1035.000000
9944.015058 5829.636202 1035.000000
9947.932245 5824.106098 1035.000000
9953.457447 5816.315937 1035.000000
9956.215280 5812.431975 1035.000000
9958.176500 5809.671695 1035.000000
9964.531487 5800.791054 1034.999826
9972.478839 5789.707187 1035.000000
9972.867014 5789.169469 1035.000000
9973.404255 5788.425355 1035.000000
9981.239876 5777.585253 1035.000000
9986.919538 5769.742680 1035.000000
9989.624165 5766.012473 1035.000000
9993.351064 5760.876985 1035.000000
9997.942520 5754.373702 1035.000609
10001.190593 5749.778172 1035.000803
10006.210250 5742.684261 1035.000470
10013.297872 5732.684640 1035.000000
10014.479286 5730.996127 1035.000000
10015.306857 5729.813665 1035.000000
10022.700995 5719.260624 1035.000000
10029.307999 5709.849157 1035.000000
10030.939241 5707.541671 1034.999955
10033.244681 5704.282287 1034.999891
10039.211292 5695.856554 1034.999886
10043.446273 5689.884650 1035.000000
10047.508026 5684.196143 1035.000000
10053.191489 5676.247397 1035.000000
10055.830247 5672.561241 1035.000000
10057.722105 5669.920142 1035.000000
10064.163892 5660.937773 1035.000000
10072.055789 5649.955634 1035.000000
10072.508968 5649.325746 1035.000000
10073.138298 5648.451152 1035.000000
10080.865481 5637.725167 1035.000000
10086.447676 5629.991127 1035.000000
10089.233439 5626.136042 1035.000000
10093.085106 5620.810881 1035.000000
10097.525990 5614.471443 1035.000702
10100.642988 5610.026619 1035.001040
10105.773144 5602.761407 1035.000467
10113.031915 5592.499920 1034.999952
10114.032088 5591.063172 1034.999980
10114.729132 5590.062112 1035.000000
10122.255056 5579.328929 1035.000000
10128.741119 5570.097604 1035.000000
10130.491984 5567.608659 1035.000000
10132.978723 5564.075808 1035.000000
10138.740503 5555.899989 1035.000000
10142.810437 5550.133097 1035.000000
10147.000620 5544.202928 1035.000000
10152.925532 5535.829971 1035.000000
10155.272343 5532.517482 1035.000000
10156.937439 5530.168589 1035.000000
10163.555677 5520.843659 1035.000000
10171.122480 5510.204082 1035.000000
10171.853021 5509.183858 1034.999980
10172.872340 5507.760711 1034.999952
10180.186969 5497.560693 1034.999850
10185.446770 5490.239574 1035.000000
10188.543336 5485.959967 1035.000000
10192.819149 5480.057054 1035.000000
10196.857434 5474.316935 1035.000607
10199.703892 5470.275067 1035.001034
10205.108231 5462.610545 1035.000647
10212.765957 5451.771369 1035.000000
10213.365021 5450.910154 1035.000000
10213.782163 5450.310559 1035.000000
10221.558601 5439.146497 1035.000000
10227.701391 5430.346051 1035.000000
10229.764003 5427.394672 1035.000000
10232.712766 5423.178459 1035.000000
10237.981236 5415.654689 1035.000000
10241.678655 5410.381544 1035.000000
10246.224937 5403.941197 1034.999874
10252.659574 5394.840868 1034.999906
10254.492606 5392.251694 1034.999961
10255.792083 5390.417036 1035.000000
10262.796694 5380.598643 1035.000000
10270.050910 5370.452529 1035.000000
10271.117631 5368.962455 1035.000000
10272.606383 5366.883669 1035.000000
10279.450907 5357.338618 1035.000000
10284.372129 5350.488021 1035.000000
10287.796530 5345.727139 1035.000000
10292.553191 5339.122276 1035.000000
10296.096346 5334.069812 1035.000503
10298.585566 5330.523514 1035.000856
10304.331516 5322.347782 1035.000690
10312.500000 5310.749803 1035.000000
10312.578125 5310.637200 1035.000000
10312.632377 5310.559006 1035.000000
10320.784743 5298.886593 1034.999818
10326.588758 5290.594499 1035.000000
10329.012393 5287.157036 1035.000000
10332.446809 5282.290468 1035.000000
10337.273072 5275.460537 1035.000000
10340.690931 5270.629991 1035.000000
10345.546340 5263.776638 1035.000000
10352.393617 5254.129536 1035.000000
10353.832206 5252.105349 1035.000000
10354.855913 5250.665484 1035.000000
10362.130678 5240.446676 1035.000000
10369.084123 5230.700976 1035.000000
10370.441764 5228.800630 1035.000000
10372.340426 5226.144347 1035.000000
10378.765472 5217.167216 1035.000000
10383.375986 5210.736469 1035.000000
10387.113134 5205.557777 1034.999899
10392.287234 5198.397943 1034.999827
10395.440567 5193.928092 1035.000347
10397.669018 5190.771961 1035.000715
10403.726140 5182.256509 1035.000712
10411.888636 5170.807453 1035.000029
10412.032584 5170.605816 1035.000017
10412.234043 5170.323635 1035.000000
10420.277683 5158.893723 1035.000000
10425.955868 5150.842946 1035.000000
10428.533820 5147.192679 1035.000000
10432.180851 5142.033820 1035.000000
10436.802849 5135.504537 1035.000000
10440.081775 5130.878438 1035.000000
10445.084778 5123.829308 1035.000000
10452.127660 5113.925226 1035.000000
10453.379617 5112.166999 1035.000000
10454.272181 5110.913931 1035.000000
10461.709394 5100.539660 1034.999799
10468.600548 5090.949423 1035.000000
10470.060122 5088.933290 1035.000000
10472.074468 5086.152430 1035.000000
10478.448678 5077.364781 1035.000000
10483.084752 5070.984916 1035.000000
10486.850637 5065.809689 1035.000000
10492.021277 5058.714397 1035.000000
10495.222653 5054.224625 1035.000397
10497.509449 5051.020408 1035.000681
10503.538853 5042.583696 1035.000697
10511.796752 5031.055901 1035.000014
10511.868355 5030.956082 1035.000008
10511.968085 5030.817056 1035.000000
10520.138433 5019.268991 1035.000000
10525.937513 5011.091393 1035.000000
10528.429890 5007.603297 1034.999916
10531.914894 5002.730884 1034.999797
10536.755835 4995.972122 1034.999853
10540.231039 4991.126886 1035.000000
10545.117239 4984.376438 1035.000000
10551.861702 4975.077058 1035.000000
10553.508082 4972.810219 1035.000000
10554.705467 4971.162378 1035.000000
10561.912725 4961.257812 1035.000000
10569.251035 4951.197870 1035.000000
10570.331177 4949.719226 1035.000000
10571.808511 4947.697723 1035.000000
10578.763447 4938.194470 1035.000000
10583.868269 4931.233363 1035.000000
10587.209544 4926.683554 1035.000000
10591.755319 4920.501776 1035.000000
10595.623483 4915.140452 1035.000432
10598.419969 4911.268855 1035.000745
10604.018605 4903.578515 1035.000406
10611.702128 4893.048284 1034.999941
10612.432125 4892.034993 1034.999975
10612.958612 4891.304348 1035.000000
10620.834654 4880.480470 1035.000000
10627.502732 4871.339840 1035.000000
10629.253970 4868.942749 1035.000000
10631.648936 4865.666885 1035.000000
10637.687541 4857.419296 1035.000000
10642.120776 4851.375333 1035.000000
10646.135377 4845.910120 1035.000000
10651.595745 4838.488926 1035.000000
10654.597486 4834.415230 1035.000000
10656.813309 4831.410825 1035.000000
10663.073878 4822.934636 1035.000000
10671.542553 4811.498029 1035.000000
10671.564564 4811.468348 1035.000000
10671.580901 4811.446318 1035.000000
10680.099839 4800.046689 1034.999708
10686.517047 4791.481810 1035.000000
10688.659836 4788.649774 1035.000000
10691.489362 4784.913385 1035.000000
10697.207652 4777.240666 1035.000556
10701.480697 4771.517303 1035.000720
10705.742089 4765.818168 1035.000412
10711.436170 4758.216376 1035.000000
10714.270339 4754.389478 1035.000000
10716.373004 4751.552795 1035.000000
10722.771493 4742.933669 1035.000000
10731.216025 4731.588287 1035.000000
10731.287363 4731.492587 1035.000000
10731.382979 4731.364324 1035.000000
10739.817959 4720.066245 1035.000000
10746.137436 4711.623780 1035.000000
10748.371032 4708.662399 1034.999924
10751.329787 4704.743205 1034.999823
10756.960987 4697.295469 1034.999797
10761.230005 4691.659272 1035.000000
10765.586784 4685.964412 1035.000000
10771.276596 4678.540556 1035.000000
10774.248352 4674.669158 1035.000000
10776.533711 4671.694765 1035.000000
10782.925204 4663.389201 1035.000000
10791.223404 4652.634327 1035.000000
10791.613954 4652.121154 1035.000034
10791.911482 4651.730257 1035.000059
10800.246384 4640.796736 1035.000738
10807.149823 4631.765750 1035.000271
10808.894029 4629.487546 1035.000154
10811.170213 4626.516639 1035.000000
10817.513975 4618.150633 1035.000000
10822.338261 4611.801242 1035.000000
10826.146374 4606.826185 1034.999874
10831.117021 4600.342671 1034.999708
10834.810111 4595.533101 1034.999864
10837.651771 4591.836735 1035.000000
10843.517036 4584.283244 1035.000000
10851.063830 4574.588035 1035.000000
10852.253139 4573.062592 1035.000000
10853.181564 4571.872227 1035.000000
10861.004929 4561.857639 1035.000000
10868.799944 4551.907720 1035.000000
10869.772413 4550.668396 1035.000000
10871.010638 4549.091025 1035.000000
10878.555601 4539.494870 1035.000000
10884.507668 4531.943212 1035.000000
10887.354503 4528.337071 1035.000000
10890.957447 4523.778490 1035.000000
10896.125437 4517.151280 1035.000441
10900.165875 4511.978705 1035.000759
10904.896624 4505.965743 1035.000274
10910.904255 4498.344885 1034.999762
10913.677142 4494.789545 1034.999896
10915.843675 4492.014197 1035.000000
10922.463140 4483.618830 1035.000000
10930.851064 4473.010380 1035.000000
10931.275484 4472.474487 1035.000000
10931.611966 4472.049689 1035.000000
10940.104043 4461.346371 1035.000000
10947.473698 4452.085182 1035.000000
10948.948825 4450.234494 1035.000000
10950.797872 4447.916122 1035.000000
10957.809839 4439.138863 1035.000000
10963.429703 4432.120674 1035.000000
10966.687094 4428.059487 1035.000000
10970.744681 4423.007509 1035.000000
10975.580599 4416.996376 1035.000000
10979.480825 4412.156167 1035.000000
10984.504815 4405.964003 1034.999851
10990.691489 4398.354729 1034.999769
10993.434816 4394.937420 1035.000123
10995.641099 4392.191659 1035.000407
11002.362350 4383.908369 1035.000595
11010.638298 4373.738169 1035.000000
11011.311953 4372.901404 1035.000000
11011.854901 4372.227152 1035.000000
11020.221785 4361.854635 1035.000000
11027.983070 4352.262644 1035.000000
11029.148509 4350.824772 1035.000000
11030.585106 4349.053237 1035.000000
11038.092132 4339.811824 1035.000000
11044.211626 4332.298137 1035.000000
11047.052666 4328.815800 1035.000000
11050.531915 4324.556340 1035.000000
11056.030117 4317.836710 1035.000000
11060.541508 4312.333629 1035.000000
11065.036319 4306.886396 1034.999876
11070.478723 4300.303342 1034.999726
11074.071502 4295.965088 1034.999867
11077.053297 4292.369122 1035.000000
11083.149535 4285.086668 1035.000000
11090.425532 4276.417345 1035.000000
11092.244983 4274.225679 1035.000133
11093.757761 4272.404614 1035.000243
11101.307816 4263.332047 1035.000610
11110.372340 4252.474941 1035.000000
11110.388099 4252.455880 1035.000000
11110.401140 4252.440106 1035.000000
11119.428943 4241.540238 1035.000000
11126.961315 4232.475599 1035.000000
11128.487457 4230.642282 1035.000000
11130.319149 4228.443372 1035.000000
11137.563650 4219.762021 1035.000000
11143.630351 4212.511091 1035.000000
11146.664799 4208.906738 1034.999922
11150.265957 4204.634850 1034.999830
11155.798341 4198.083876 1034.999799
11160.484102 4192.546584 1035.000000
11164.967668 4187.296832 1035.000000
11170.212766 4181.167314 1035.000000
11174.173908 4176.546733 1035.000000
11177.577724 4172.582076 1035.000000
11183.398337 4165.814839 1035.000000
11190.159574 4157.973623 1035.000000
11192.626442 4155.086625 1035.000156
11194.738135 4152.617569 1035.000289
11201.833253 4144.337098 1035.000507
11210.106383 4134.711601 1035.000000
11211.053075 4133.600594 1035.000000
11211.860759 4132.653061 1035.000000
11220.244689 4122.835855 1035.000000
11228.940677 4112.688554 1035.000000
11229.455972 4112.090805 1034.999988
11230.053191 4111.398181 1034.999974
11238.704843 4101.383374 1034.999770
11246.210221 4092.724046 1035.000000
11247.979114 4090.701367 1035.000000
11250.000000 4088.392346 1035.000000
11257.300700 4080.066716 1035.000000
11263.726445 4072.759539 1035.000000
11266.641350 4069.451147 1035.000000
11269.946809 4065.704268 1035.000000
11276.001071 4058.854666 1035.000000
11281.369645 4052.795031 1035.000000
11285.379870 4048.277279 1035.000000
11289.893617 4043.201138 1035.000000
11294.753970 4037.695189 1035.000259
11299.056407 4032.830524 1035.000487
11304.125319 4027.110346 1035.000311
11309.840426 4020.675339 1035.000000
11313.497809 4016.526645 1035.000000
11316.729603 4012.866016 1035.000000
11322.873597 4005.946245 1034.999867
11329.787234 3998.181099 1034.999815
11332.275465 3995.391948 1034.999913
11334.499421 3992.901508 1035.000000
11341.722751 3984.883108 1035.000000
11349.734043 3976.018829 1035.000000
11351.198003 3974.402260 1035.000000
11352.525724 3972.937001 1035.000000
11360.693319 3963.941494 1035.000000
11369.680851 3954.078896 1035.000000
11370.208705 3953.500816 1035.000000
11370.691227 3952.972493 1035.000000
11379.744167 3943.080231 1035.000000
11388.997546 3933.007986 1035.000000
11389.299710 3932.679745 1035.000000
11389.627660 3932.323541 1035.000000
11398.839744 3922.263737 1035.000393
11407.315040 3913.043478 1035.000104
11408.400798 3911.868767 1035.000032
11409.574468 3910.599556 1034.999955
11417.962958 3901.474904 1034.999786
11425.708756 3893.078971 1035.000000
11427.547298 3891.103241 1035.000000
11429.521277 3888.983753 1035.000000
11437.179005 3880.778986 1035.000000
11444.355919 3873.114463 1035.000000
11446.831867 3870.475906 1035.000000
11449.468085 3867.669706 1035.000000
11456.505888 3860.194004 1035.000000
11463.157260 3853.149956 1035.000000
11466.201073 3849.933284 1035.000000
11469.414894 3846.541598 1035.000000
11475.917426 3839.693750 1035.000000
11482.114697 3833.185448 1035.000000
11485.654949 3829.475406 1035.000000
11489.361702 3825.597006 1035.000000
11495.396618 3819.261211 1035.000190
11501.165047 3813.220941 1035.000292
11505.156725 3809.065471 1035.000065
11509.308511 3804.751121 1034.999828
11514.931426 3798.884338 1034.999776
11520.338793 3793.256433 1035.000000
11524.730983 3788.728083 1035.000000
11529.255319 3784.072943 1035.000000
11534.572715 3778.614039 1035.000000
11539.769253 3773.291925 1035.000000
11544.436749 3768.522319 1035.000000
11549.202128 3763.663081 1035.000000
11554.323089 3758.452923 1035.000000
11559.372439 3753.327418 1035.000000
11564.231735 3748.405853 1035.000000
11569.148936 3743.436608 1035.000000
11574.162688 3738.381111 1035.000000
11579.150663 3733.362910 1035.000000
11584.115949 3728.378696 1035.000000
11589.095745 3723.391065 1035.000000
11594.081216 3718.388298 1035.000116
11599.065123 3713.398403 1035.000232
11604.068672 3708.420109 1035.000026
11609.042553 3703.482572 1034.999774
11614.076483 3698.472291 1034.999765
11619.150492 3693.433895 1035.000000
11624.115222 3688.555431 1035.000000
11628.989362 3683.776976 1035.000000
11634.197968 3678.682615 1035.000000
11639.541225 3673.469388 1035.000000
11644.304164 3668.833272 1035.000000
11648.936170 3664.334437 1035.000000
11654.433810 3659.007398 1035.000000
11660.127303 3653.504880 1035.000000
11664.586902 3649.204992 1035.000000
11668.882979 3645.071151 1035.000000
11674.763438 3639.426050 1035.000000
11680.911548 3633.540373 1035.000000
11684.963415 3629.670570 1035.000000
11688.829787 3625.984652 1035.000000
11695.177507 3619.929218 1035.000106
11701.857735 3613.575865 1035.000147
11705.416350 3610.212637 1034.999993
11708.776596 3607.042011 1034.999849
11715.679174 3600.520061 1034.999697
11723.015747 3593.611358 1035.000000
11725.971918 3590.857430 1035.000000
11728.723404 3588.297677 1035.000000
11736.318799 3581.248984 1035.000000
11744.541506 3573.646850 1035.000000
11746.690272 3571.665152 1035.000000
11748.670213 3569.840945 1035.000000
11757.086329 3562.105926 1035.000000
11766.290023 3553.682343 1035.000000
11767.506962 3552.571298 1035.000000
11768.617021 3551.558391 1035.000000
11777.952163 3543.061260 1035.000000
11788.264773 3533.717835 1035.000000
11788.421924 3533.575804 1035.000000
11788.563830 3533.447560 1035.000000
11798.906717 3524.105392 1035.000110
11808.510638 3515.471734 1035.000000
11809.415097 3514.658589 1035.000000
11810.422482 3513.753327 1035.000000
11819.953079 3505.241413 1034.999812
11828.457447 3497.679088 1034.999809
11830.518134 3495.851335 1034.999898
11832.845964 3493.788820 1035.000000
11841.139633 3486.517752 1035.000000
11848.404255 3480.172934 1035.000000
11851.795590 3477.218656 1035.000000
11855.699001 3473.824312 1035.000000
11862.477260 3467.945297 1035.000000
11868.351064 3462.866337 1035.000000
11873.184631 3458.697661 1035.000000
11878.808298 3453.859805 1035.000000
11883.917687 3449.475733 1035.000000
11888.297872 3445.725935 1035.000000
11894.673713 3440.276796 1035.000031
11902.165695 3433.895297 1035.000042
11905.453772 3431.101912 1035.000019
11908.244681 3428.734389 1035.000000
11916.255272 3421.948489 1035.000000
11925.760825 3413.930790 1035.000000
11927.083467 3412.821784 1034.999977
11928.191489 3411.893289 1034.999958
11937.952344 3403.735798 1034.999786
11948.138298 3395.264692 1034.999937
11948.847691 3394.676305 1034.999965
11949.704063 3393.966282 1035.000000
11959.804282 3385.678110 1035.000000
11968.085106 3378.913775 1035.000000
11970.790639 3376.709708 1035.000000
11974.119630 3374.001775 1035.000000
11981.803790 3367.768123 1035.000000
11988.031915 3362.732936 1035.000000
11992.843890 3358.853512 1034.999998
11998.833929 3354.037267 1034.999994
12003.911188 3349.966123 1034.999996
12007.978723 3346.711993 1035.000000
12015.006192 3341.106464 1035.000000
12023.859346 3334.072760 1035.000000
12026.128967 3332.274600 1035.000000
12027.925532 3330.852679 1035.000000
12037.279176 3323.470196 1035.000000
12047.872340 3315.150942 1035.000000
12048.456794 3314.693224 1035.000000
12049.203984 3314.108252 1035.000000
12059.675569 3305.957446 1034.999838
12067.819149 3299.648079 1034.999735
12070.922832 3297.250182 1034.999850
12074.950743 3294.143744 1035.000000
12082.220449 3288.593316 1035.000000
12087.765957 3284.372910 1035.000000
12093.561232 3279.979653 1034.999968
12101.238838 3274.179237 1034.999943
12104.932602 3271.396606 1034.999975
12107.712766 3269.305637 1035.000000
12116.338716 3262.848333 1035.000000
12127.659574 3254.416728 1035.000000
12127.775433 3254.330690 1035.000000
12127.931596 3254.214729 1035.000000
12139.240615 3245.841539 1035.000000
12147.606383 3239.678431 1035.000000
12150.734227 3237.380841 1035.000000
12155.004118 3234.250222 1035.000000
12162.256230 3228.948560 1035.000000
12167.553191 3225.088472 1035.000000
12173.806585 3220.544656 1035.000000
12182.452787 3214.285714 1035.000000
12185.388606 3212.172447 1034.999960
12187.500000 3210.654553 1034.999931
12197.017325 3203.846976 1034.999701
12207.446809 3196.424633 1034.999899
12208.678413 3195.553904 1034.999941
12210.423339 3194.321207 1035.000000
12220.412669 3187.334064 1035.000000
12227.393617 3182.472599 1035.000000
12232.181305 3179.148635 1035.000000
12239.104300 3174.356699 1035.000000
12243.979300 3170.992591 1035.000000
12247.340426 3168.678083 1035.000000
12255.806605 3162.865884 1035.000000
12267.287234 3155.024453 1035.000000
12267.663171 3154.768462 1035.000000
12268.215877 3154.392192 1035.000000
12279.548947 3146.700277 1035.000000
12287.234043 3141.509561 1035.000000
12291.469643 3138.667043 1034.999931
12297.803818 3134.427684 1034.999827
12303.430116 3130.673621 1034.999890
12307.180851 3128.176998 1035.000000
12315.440210 3122.729864 1035.000000
12327.127660 3115.061584 1035.000000
12327.489244 3114.825082 1035.000000
12328.042687 3114.463177 1035.000000
12339.579277 3106.961335 1034.999865
12347.074468 3102.111392 1034.999776
12351.699616 3099.127921 1034.999779
12358.898027 3094.498669 1035.000000
12363.862317 3091.336907 1035.000000
12367.021277 3089.329191 1035.000000
12376.073290 3083.594207 1035.000000
12386.968085 3076.727157 1035.000000
12388.316603 3075.883876 1034.999970
12390.476941 3074.534161 1034.999922
12400.609859 3068.223533 1034.999736
12406.914894 3064.313511 1035.000000
12412.954154 3060.614273 1035.000000
12422.863614 3054.569654 1035.000000
12425.350799 3053.057410 1035.000000
12426.861702 3052.139716 1035.000000
12437.777770 3045.530900 1035.000000
12446.808511 3040.091760 1035.000000
12450.234996 3038.034672 1035.000000
12455.961092 3034.605146 1035.000000
12462.722402 3030.568651 1035.000000
12466.755319 3028.167703 1035.000000
12475.239916 3023.132764 1035.000000
12486.702128 3016.365642 1035.000000
12487.789748 3015.729224 1034.999972
12489.651523 3014.640639 1034.999925
12500.404534 3008.390696 1034.999552
12506.648936 3004.777176 1034.999795
12513.078551 3001.111452 1034.999718
12524.418344 2994.676131 1035.000000
12525.813299 2993.892991 1035.000000
12526.595745 2993.453970 1035.000000
12538.609294 2986.735833 1035.000000
12546.542553 2982.322509 1035.000000
12551.435954 2979.609367 1035.000000
12560.301156 2974.711624 1035.000000
12564.293193 2972.513506 1035.000000
12566.489362 2971.306179 1035.000000
12577.180920 2965.448162 1035.000000
12586.436170 2960.403203 1035.000000
12590.107099 2958.421303 1034.999902
12596.931048 2954.747116 1034.999719
12603.084066 2951.445276 1034.999812
12606.382979 2949.679327 1035.000000
12616.137148 2944.545433 1035.000000
12626.329787 2939.208535 1035.000000
12629.236396 2937.691797 1035.000000
12634.823723 2934.782609 1035.000000
12642.366204 2930.868747 1035.000000
12646.276596 2928.845611 1035.000000
12655.526473 2924.076186 1035.000000
12666.223404 2918.588896 1035.000000
12668.717105 2917.314014 1035.000000
12673.608438 2914.818101 1035.000000
12681.945752 2910.589892 1034.999906
12686.170213 2908.454388 1034.999857
12695.230757 2903.922177 1034.999491
12706.117021 2898.504550 1034.999762
12708.569359 2897.308107 1034.999840
12713.610114 2894.853594 1035.000000
12722.019380 2890.805555 1035.000000
12726.063830 2888.864945 1035.000000
12735.513171 2884.346812 1035.000000
12746.010638 2879.353405 1035.000000
12749.037494 2877.918627 1035.000000
12755.444303 2874.889086 1035.000000
12762.592234 2871.520887 1035.000000
12765.957447 2869.939442 1035.000000
12776.177278 2865.153478 1035.000000
12785.904255 2860.621564 1035.000000
12789.802733 2858.826516 1034.999874
12798.303974 2854.924579 1034.999600
12803.483960 2852.555374 1034.999816
12805.851064 2851.474807 1035.000000
12817.267731 2846.386868 1035.000000
12825.797872 2842.604885 1035.000000
12831.096925 2840.263826 1035.000000
12843.155850 2834.960071 1035.000000
12844.956316 2834.171006 1035.000000
12845.744681 2833.825730 1035.000000
12858.845776 2828.108284 1035.000000
12865.691489 2825.135956 1035.000000
12872.765182 2822.075532 1035.000000
12885.638298 2816.534204 1035.000000
12886.717389 2816.075612 1034.999963
12889.261152 2814.995563 1034.999877
12900.743721 2810.149882 1034.999469
12905.585106 2808.115308 1034.999849
12914.867993 2804.322179 1034.999765
12925.531915 2799.987197 1034.999669
12929.057141 2798.559410 1034.999764
12937.796299 2795.031056 1035.000000
12943.288291 2792.838680 1035.000000
12945.478723 2791.966009 1035.000000
12957.568589 2787.167142 1035.000000
12965.425532 2784.064483 1035.000000
12971.878771 2781.525513 1035.000000
12985.372340 2776.243722 1035.000000
12986.220980 2775.915941 1034.999972
12988.421830 2775.066548 1034.999898
13000.629390 2770.372628 1034.999567
13005.319149 2768.577195 1035.000000
13015.140581 2764.932187 1035.000000
13025.265957 2761.193897 1035.000000
13029.716832 2759.556865 1035.000000
13041.881317 2755.102041 1035.000000
13044.322823 2754.211308 1035.000000
13045.212766 2753.886910 1035.000000
13058.958395 2748.895359 1035.000000
13065.159574 2746.655057 1035.000000
13073.623394 2743.608862 1035.000000
13085.106383 2739.497184 1035.000000
13088.326539 2738.360547 1034.999890
13097.486661 2735.137533 1034.999575
13103.090631 2733.173231 1034.999801
13105.053191 2732.486650 1035.000000
13117.989182 2728.120494 1035.000000
13125.000000 2725.766434 1035.000000
13132.932967 2723.113032 1035.000000
13144.946809 2719.115330 1035.000000
13147.905692 2718.134535 1035.000000
13156.867497 2715.173026 1035.000000
13162.910574 2713.188223 1034.999958
13164.893617 2712.538251 1034.999944
13177.949108 2708.275593 1034.999853
13184.840426 2706.037029 1034.999805
13193.038941 2703.414308 1034.999463
13204.787234 2699.675141 1034.999695
13208.206561 2698.630879 1034.999766
13219.455168 2695.208518 1035.000000
13223.513950 2693.987343 1035.000000
13224.734043 2693.620752 1035.000000
13238.868226 2689.390736 1035.000000
13244.680851 2687.660071 1035.000000
13254.250392 2684.822043 1035.000000
13264.627660 2681.760154 1035.000000
13269.660269 2680.281086 1035.000000
13284.574468 2675.920076 1035.000000
13285.098386 2675.768393 1034.999991
13286.910706 2675.244011 1034.999960
13300.584052 2671.303292 1034.999772
13304.521277 2670.173642 1035.000000
13316.150589 2666.919134 1035.000000
13324.468085 2664.603342 1035.000000
13331.762591 2662.580481 1035.000000
13344.414894 2659.089667 1035.000000
13347.401636 2658.268896 1035.000000
13358.318416 2655.279503 1035.000000
13363.067542 2653.984194 1035.000000
13364.361702 2653.631757 1035.000000
13378.760125 2649.726194 1035.000000
13384.308511 2648.228770 1035.000000
13394.476626 2645.492133 1035.000033
13404.255319 2642.873541 1035.000000
13410.212674 2641.277636 1035.000000
13424.202128 2637.549101 1035.000000
13425.966349 2637.080782 1035.000000
13432.632612 2635.314996 1035.000000
13441.746596 2632.910524 1035.000000
13444.148936 2632.278586 1035.000000
13457.553230 2628.766676 1035.000000
13464.095745 2627.061181 1035.000000
13473.386066 2624.649053 1035.000000
13484.042553 2621.896086 1035.000000
13489.241098 2620.553646 1035.000049
13503.989362 2616.764215 1035.000000
13505.110946 2616.473068 1035.000000
13509.441457 2615.350488 1035.000000
13520.968567 2612.380252 1034.999939
13523.936170 2611.618390 1034.999924
13536.854078 2608.315350 1034.999856
13543.882979 2606.527150 1034.999819
13552.765540 2604.276423 1034.999772
13563.829787 2601.486934 1034.999713
13568.702767 2600.263284 1034.999687
13583.776596 2596.496981 1034.999923
13584.664525 2596.274697 1034.999952
13588.218517 2595.385980 1035.000069
13600.650176 2592.310025 1035.000208
13603.723404 2591.552568 1035.000000
13616.600453 2588.309947 1035.000000
13623.670213 2586.538650 1035.000000
13632.560930 2584.320079 1035.000000
13643.617021 2581.574992 1035.000000
13648.547021 2580.355847 1035.000000
13663.563830 2576.660841 1035.000000
13664.558539 2576.417065 1035.000000
13668.626106 2575.421473 1035.000000
13680.595300 2572.503548 1035.000000
13683.510638 2571.795461 1035.000000
13696.635141 2568.593114 1035.000297
13703.457447 2566.936734 1035.000000
13712.622348 2564.629998 1035.000000
13723.404255 2561.929863 1035.000000
13728.581259 2560.638563 1035.000000
13743.351064 2556.972887 1035.000000
13744.565663 2556.672642 1035.000000
13749.491060 2555.456965 1035.000000
13760.575374 2552.732052 1035.000000
13763.297872 2552.065063 1035.000000
13776.610212 2548.816609 1035.000000
13783.244681 2547.205665 1035.000000
13792.655095 2544.911222 1035.000206
13803.191489 2542.354892 1035.000000
13808.669091 2540.974920 1035.000000
13823.138298 2537.347822 1035.000000
13824.621916 2536.977392 1035.000000
13830.580291 2535.492458 1035.000000
13840.600100 2533.005246 1035.000000
13843.085106 2532.390308 1035.000000
13856.603462 2529.058301 1035.000000
13863.031915 2527.481617 1035.000000
13872.631822 2525.136376 1035.000000
13882.978723 2522.621031 1035.000000
13888.678114 2521.232398 1035.000098
13902.925532 2517.778038 1035.000000
13904.724049 2517.328063 1035.000000
13911.935058 2515.527950 1035.000000
13920.698809 2513.352490 1034.999958
13922.872340 2512.814404 1034.999948
13936.701039 2509.404412 1034.999882
13942.819149 2507.903156 1034.999853
13952.728161 2505.481247 1034.999805
13962.765957 2503.039831 1034.999757
13968.779995 2501.582817 1034.999728
13982.712766 2498.223730 1034.999818
13984.854353 2497.706930 1034.999883
13993.760746 2495.563443 1035.000151
14000.948092 2493.850442 1035.000152
14002.659574 2493.443415 1035.000000
14016.989582 2489.941658 1035.000000
14022.606383 2488.575766 1035.000000
14033.045308 2486.047123 1035.000000
14042.553191 2483.755129 1035.000000
14049.125399 2482.176974 1035.000000
14062.500000 2478.980825 1035.000000
14065.229681 2478.331038 1035.000000
14076.746329 2475.598935 1035.000000
14081.357981 2474.509142 1035.000000
14082.446809 2474.252189 1035.000000
14097.499302 2470.700277 1035.000162
14102.393617 2469.550877 1035.000000
14113.604698 2466.855456 1035.000000
14122.340426 2464.765215 1035.000000
14129.708478 2463.009018 1035.000000
14142.287234 2460.025103 1035.000000
14145.836132 2459.186475 1035.000000
14160.934530 2455.634428 1035.000000
14161.987492 2455.387658 1035.000000
14162.234043 2455.329895 1035.000000
14178.162387 2451.612398 1035.000000
14182.180851 2450.678955 1035.000000
14194.354323 2447.854194 1035.000097
14202.127660 2446.058922 1035.000000
14210.530987 2444.080704 1035.000000
14222.074468 2441.376073 1035.000000
14226.697482 2440.297036 1035.000000
14242.021277 2436.737153 1035.000000
14242.887316 2436.536728 1035.000000
14246.636879 2435.669920 1035.000000
14259.100325 2432.799615 1035.000000
14261.968085 2432.141546 1035.000000
14275.336343 2429.085532 1035.000000
14281.914894 2427.588649 1035.000000
14291.592019 2425.391124 1035.000050
14301.861702 2423.069830 1035.000000
14307.849142 2421.698165 1035.000000
14321.808511 2418.515013 1035.000000
14324.096352 2417.995284 1035.000000
14334.205327 2415.705413 1035.000000
14340.367877 2414.316740 1034.999974
14341.755319 2414.004638 1034.999968
14356.664590 2410.663405 1034.999906
14361.702128 2409.539645 1034.999885
14372.983627 2407.032415 1034.999838
14381.648936 2405.115401 1034.999803
14389.323320 2403.422098 1034.999795
14401.595745 2400.726566 1034.999720
14405.674102 2399.822881 1034.999719
14421.542553 2396.322600 1034.999960
14422.019097 2396.217872 1034.999967
14424.190737 2395.740905 1035.000000
14438.399220 2392.648022 1035.000000
14441.489362 2391.977973 1035.000000
14454.802883 2389.101732 1035.000000
14461.436170 2387.675064 1035.000000
14471.227881 2385.576797 1035.000000
14481.382979 2383.410307 1035.000000
14487.673404 2382.072404 1035.000011
14501.329787 2379.180647 1035.000000
14504.134737 2378.583836 1035.000000
14517.375305 2375.776398 1035.000000
14520.596605 2375.095804 1035.000000
14521.276596 2374.952257 1035.000000
14537.078889 2371.628205 1035.000000
14541.223404 2370.760135 1035.000000
14553.581447 2368.180898 1035.000000
14561.170213 2366.603817 1035.000000
14570.104138 2364.753743 1035.000000
14581.117021 2362.482847 1035.000000
14586.646613 2361.346388 1035.000003
14601.063830 2358.395841 1035.000000
14603.207017 2357.956979 1035.000000
14613.709737 2355.811890 1035.000000
14619.776782 2354.576939 1035.000000
14621.010638 2354.326160 1035.000000
14636.365487 2351.215855 1035.000000
14640.957447 2350.289470 1035.000000
14652.973005 2347.873602 1035.000000
14660.904255 2346.285370 1035.000000
14669.599211 2344.550054 1035.000000
14680.851064 2342.313467 1035.000000
14686.244005 2341.245109 1035.000000
14700.797872 2338.373466 1035.000000
14702.907451 2337.958833 1035.000000
14713.676530 2335.847382 1035.000000
14719.589958 2334.691635 1035.000000
14720.744681 2334.466254 1035.000000
14736.289744 2331.441732 1035.000000
14740.691489 2330.588540 1035.000000
14753.006700 2328.209013 1035.000000
14760.638298 2326.739993 1035.000000
14769.740716 2324.993370 1035.000000
14780.585106 2322.920283 1035.000000
14786.491796 2321.794805 1034.999998
14800.531915 2319.129526 1035.000000
14803.261725 2318.615107 1035.000000
14817.804142 2315.882875 1035.000000
14820.057528 2315.461306 1034.999992
14820.478723 2315.382544 1034.999990
14836.871817 2312.326007 1034.999932
14840.425532 2311.665689 1034.999920
14853.701421 2309.206037 1034.999873
14860.372340 2307.974342 1034.999849
14870.546249 2306.101303 1034.999814
14880.319149 2304.308243 1034.999780
14887.406315 2303.011822 1034.999753
14900.265957 2300.667478 1034.999711
14904.285862 2299.941839 1034.999703
14920.212766 2297.075694 1034.999915
14921.193240 2296.899711 1034.999928
14926.666164 2295.918367 1035.000000
14938.122772 2293.879757 1035.000000
14940.159574 2293.518070 1035.000000
14955.069703 2290.877218 1035.000000
14960.106383 2289.987836 1035.000000
14972.029756 2287.887812 1035.000000
14980.053191 2286.478943 1035.000000
14989.002860 2284.911470 1035.000000
15000.000000 2282.991200 1035.000000
15005.992543 2281.951720 1035.000000
15019.946809 2279.537586 1035.000000
15023.000686 2279.010447 1035.000000
15039.893617 2276.102206 1035.000000
15040.020121 2276.080476 1035.000000
15040.757336 2275.953860 1035.000000
15057.050793 2273.161752 1035.000000
15059.840426 2272.684915 1035.000000
15074.092649 2270.254222 1035.000000
15079.787234 2269.285571 1035.000000
15091.145636 2267.357832 1035.000000
15099.734043 2265.904032 1035.000000
15108.219545 2264.482384 1034.999997
15119.680851 2262.566535 1035.000000
15125.313435 2261.626934 1035.000000
15139.627660 2259.244501 1035.000000
15142.416983 2258.781150 1035.000000
15159.260742 2255.989352 1035.000000
15159.529970 2255.944815 1035.000000
15159.574468 2255.937454 1035.000000
15176.652358 2253.117888 1035.000000
15179.521277 2252.645294 1035.000000
15193.784107 2250.300330 1035.000000
15199.468085 2249.367921 1035.000000
15210.955283 2247.522235 1034.999989
15219.414894 2246.165558 1035.000000
15228.149988 2244.767690 1035.000000
15239.361702 2242.976842 1035.000000
15245.352944 2242.021402 1035.000000
15259.308511 2239.800018 1035.000000
15262.563513 2239.282735 1035.000000
15279.255319 2236.635019 1035.000000
15279.781669 2236.551662 1035.000000
15283.109384 2236.024845 1035.000000
15297.007386 2233.828156 1035.000000
15299.202128 2233.481780 1035.000000
15314.301180 2231.172787 1034.999986
15319.148936 2230.432551 1035.000000
15331.611870 2228.534329 1035.000000
15339.095745 2227.396131 1035.000000
15348.929177 2225.902495 1035.000000
15359.042553 2224.368579 1035.000000
15366.252272 2223.276454 1035.000000
15378.989362 2221.349857 1035.000000
15383.581140 2220.656189 1035.000000
15398.936170 2218.339925 1035.000000
15400.926603 2218.052536 1034.999902
15414.736157 2216.060337 1034.999978
15418.361411 2215.538307 1034.999990
15418.882979 2215.463219 1034.999992
15435.807000 2213.034868 1034.999958
15438.829787 2212.601594 1034.999952
15453.256733 2210.535577 1034.999924
15458.776596 2209.745925 1034.999914
15470.710443 2208.040266 1034.999891
15478.723404 2206.896194 1034.999876
15488.168121 2205.548927 1034.999858
15498.670213 2204.052383 1034.999838
15505.678483 2203.110319 1034.999712
15518.617021 2201.372229 1034.999803
15523.267551 2200.750486 1034.999795
15538.563830 2198.706753 1034.999857
15540.865371 2198.399413 1034.999874
15558.126500 2196.095830 1035.000000
15558.465606 2196.050758 1035.000000
15558.510638 2196.044772 1035.000000
15576.075191 2193.711460 1035.000000
15578.457447 2193.395186 1035.000000
15593.686960 2191.374349 1035.000000
15598.404255 2190.748776 1035.000000
15611.411751 2189.150360 1034.999909
15618.351064 2188.297810 1035.000000
15629.186085 2186.975958 1035.000000
15638.297872 2185.864537 1035.000000
15646.966234 2184.807375 1035.000000
15658.244681 2183.432145 1035.000000
15664.747005 2182.639416 1035.000000
15678.191489 2181.000632 1035.000000
15682.528399 2180.472080 1035.000000
15698.138298 2178.570000 1035.000000
15700.332785 2178.327757 1034.999673
15718.085106 2176.367718 1035.000000
15718.298048 2176.344452 1035.000000
15720.248717 2176.131322 1035.000000
15736.281344 2174.379198 1035.000000
15738.031915 2174.187844 1035.000000
15754.263834 2172.413136 1035.000000
15757.978723 2172.006869 1035.000000
15772.245517 2170.446268 1035.000000
15777.925532 2169.824791 1035.000000
15790.226394 2168.478591 1035.000000
15797.872340 2167.641611 1035.000000
15808.319696 2166.623440 1034.999787
15817.819149 2165.697060 1035.000000
15826.506472 2164.861846 1035.000000
15837.765957 2163.778601 1035.000000
15844.703710 2163.110723 1035.000000
15857.712766 2161.857522 1035.000000
15862.898959 2161.357610 1035.000000
15877.659574 2159.933819 1035.000000
15881.092218 2159.602504 1035.000000
15897.606383 2158.007486 1035.000000
15899.303145 2157.865082 1034.999665
15917.553191 2156.331791 1035.000000
15917.705488 2156.319247 1035.000000
15919.555949 2156.166815 1035.000000
15936.134172 2154.799774 1035.000000
15937.500000 2154.687035 1035.000000
15954.559964 2153.277408 1035.000000
15957.446809 2153.038609 1035.000000
15972.982858 2151.752141 1035.000000
15977.393617 2151.386499 1035.000000
15991.402845 2150.223966 1035.000000
15997.340426 2149.730694 1035.000000
16009.978030 2148.851125 1034.999764
16017.287234 2148.341653 1035.000000
16028.647271 2147.572423 1035.000000
16037.234043 2146.990083 1035.000000
16047.327358 2146.304578 1035.000000
16057.180851 2145.634324 1035.000000
16066.004000 2145.033285 1035.000000
16077.127660 2144.274358 1035.000000
16084.677186 2143.758532 1035.000000
16097.074468 2142.910164 1035.000000
16103.436854 2142.570338 1034.999459
16117.021277 2141.843386 1035.000000
16122.384042 2141.569831 1035.000000
16136.968085 2140.824431 1035.000000
16141.361347 2140.599467 1035.000000
16156.914894 2139.801447 1035.000000
16160.335181 2139.625629 1035.000000
16176.861702 2138.774410 1035.000000
16179.305527 2138.648300 1035.000000
16196.808511 2137.743295 1035.000000
16198.295187 2137.690303 1034.999635
16216.755319 2137.030765 1035.000000
16217.556836 2137.004535 1035.000000
16236.702128 2136.376487 1035.000000
16236.870618 2136.370947 1035.000000

